Link,Name,Mileage,Engine Capacity,Year of manufacture,Fuel type,Price
https://gratka.pl/motoryzacja/dacia-duster-i-salon-polska-serwis-aso-klima-tempomat-parktronic/ob/30671825,"Dacia Duster I , Salon Polska, Serwis ASO, Klima, Tempomat, Parktronic",27151,999 cm,2019,benzyna,59 999
https://gratka.pl/motoryzacja/toyota-yaris-iii-1-5-selection-style-selection-style-1-5-125km-6m-t-do-produkcji-fel/ob/27427459,Toyota Yaris III 1.5 Selection Style Selection Style 1.5 125KM 6M/T Do Produkcji! Fel,,1496 cm,2022,benzyna,88 900
https://gratka.pl/motoryzacja/skoda-superb-iii-1-wlasciciel-serwis-aso-automat-skora-navi/ob/30672429,"Skoda Superb III , 1. Właściciel, Serwis ASO, Automat, Skóra, Navi,",56149,1395 cm,2020,benzyna,159 000
https://gratka.pl/motoryzacja/seat-arona-fr-1-0-tsi-110km-6-biegowa-manualna/ob/28990609,SEAT Arona FR 1.0 TSI 110KM 6-biegowa manualna,10,999 cm,,benzyna,108 200
https://gratka.pl/motoryzacja/toyota-corolla-xii-1-5-comfort-1-5-comfort-125km/ob/30706927,Toyota Corolla XII 1.5 Comfort 1.5 Comfort 125KM,,1490 cm,2022,benzyna,107 400
https://gratka.pl/motoryzacja/seat-arona-rabat-4-3-700-zl-wyprzedaz-rocznika-2022/ob/28990613,SEAT Arona rabat: 4% (3 700 zł) Wyprzedaż rocznika 2022,10,999 cm,,benzyna,99 900
https://gratka.pl/motoryzacja/audi-q3-ii-sportback-35-tfsi-1-5-150km/ob/30634607,Audi Q3 II Sportback 35 TFSI 1.5 (150KM),,1498 cm,2023,benzyna,177 200
https://gratka.pl/motoryzacja/mercedes-benz-vito-w639-tourer-116-cdi-pro-9g-tronic-kamera-cofania-klimatyzacja-thermotr/ob/30664553,Mercedes-Benz Vito W639 Tourer 116 CDI Pro 9G-Tronic Kamera Cofania !! Klimatyzacja THERMOTR,,1950 cm,2023,diesel,"300 364,77"
https://gratka.pl/motoryzacja/jaguar-e-pace-4x4-200km-r-dynamic-s-automat-salonpl-fv23-kamera-led-skora-gwaranc/ob/30672829,Jaguar E-Pace 4x4 200KM R-Dynamic S Automat SalonPL FV23% Kamera LED Skóra Gwaranc,73000,1997 cm,2019,benzyna,137 900
https://gratka.pl/motoryzacja/mercedes-benz-klasa-e-business-edition/ob/30634509,Mercedes-Benz Klasa E Business Edition,,1950 cm,2023,diesel,335 600
https://gratka.pl/motoryzacja/volkswagen-style-taigo-style-1-5-tsi-150km-dsg/ob/30695637,Volkswagen Style Taigo Style 1.5 TSI 150KM DSG,,1498 cm,2023,benzyna,135 650
https://gratka.pl/motoryzacja/kia-cee-d-iii-ceed-1-5-t-gdi-s-s-1-5-t-gdi-160km-bluetooth/ob/30634783,Kia Cee'd III Ceed 1.5 T-GDI S S 1.5 T-GDI 160KM |Bluetooth|,8436,1482 cm,2022,benzyna,85 900
https://gratka.pl/motoryzacja/volkswagen-transporter-t6-kombi-t6-1-l2h1-kombi-t6-1-l2h1-150km/ob/30551317,Volkswagen Transporter T6 Kombi T6.1 L2H1 Kombi T6.1 L2H1 150KM,7500,1968 cm,2022,diesel,"199 258,77"
https://gratka.pl/motoryzacja/volkswagen-style-taigo-style-1-5-tsi-150km-dsg/ob/30695605,Volkswagen Style Taigo Style 1.5 TSI 150KM DSG,,1498 cm,2023,benzyna,131 500
https://gratka.pl/motoryzacja/jeep-grand-cherokee-3-0-crd-overland-summit/oi/30395403,Jeep Grand Cherokee 3.0 CRD OVERLAND SUMMIT,219000,2987 cm,2015,diesel,123 000
https://gratka.pl/motoryzacja/suzuki-vitara-ii-1-4-boosterjet-shvs-premium-2wd-premium-1-4-boosterjet-129km-2wd-mt/ob/30551485,Suzuki Vitara II 1.4 Boosterjet SHVS Premium 2WD Premium 1.4 Boosterjet 129KM 2WD MT,9500,1373 cm,2022,technologia hybrydowa,88 000
https://gratka.pl/motoryzacja/mercedes-benz-klasa-glb-200-4-matic-amg-line-200-4-matic-amg-line-1-3-163km/ob/30706821,Mercedes-Benz Klasa GLB 200 4-Matic AMG Line 200 4-Matic AMG Line 1.3 (163KM),14000,1332 cm,2022,benzyna,199 000
https://gratka.pl/motoryzacja/toyota-corolla-xii-1-5-comfort-comfort-1-5-vvt-i-125km-6-m-t-okazja-kamera-cofania-f/ob/30558765,Toyota Corolla XII 1.5 Comfort Comfort 1.5 VVT-i 125KM 6 M/T Okazja! + Kamera Cofania+F,,1490 cm,2022,benzyna,92 900
https://gratka.pl/motoryzacja/volkswagen-passat-b8-1-6-tdi-120km/ob/30572911,Volkswagen Passat B8 1.6 TDI 120KM,140435,1598 cm,2015,diesel,54 990
https://gratka.pl/motoryzacja/audi-a6-v-c8-avant-40-tdi-quattro-sport-2-0-204km-kamera-cofania/ob/30664841,Audi A6 V (C8) Avant 40 TDI Quattro Sport 2.0 (204KM) | Kamera cofania,,1968 cm,2023,diesel,260 600
https://gratka.pl/motoryzacja/suzuki-1-8-hybrid-elegance-cvt-elegance-1-8-hybrid-122km-2wd-cvt/ob/30575003,Suzuki 1.8 Hybrid Elegance CVT Elegance 1.8 Hybrid 122KM 2WD CVT,,1798 cm,2023,technologia hybrydowa,136 590
https://gratka.pl/motoryzacja/mercedes-benz-citan-tourer-113-kamera-cofania-keyless-go-klimatyzacja-thermotronic/ob/30664557,Mercedes-Benz Citan Tourer 113 Kamera Cofania !! KEYLESS-GO !! Klimatyzacja THERMOTRONIC,,1332 cm,2023,benzyna,"164 326,77"
https://gratka.pl/motoryzacja/suzuki-1-8-hybrid-premium-plus-cvt-1-8-hybrid-premium-plus-cvt-140km-okaz/ob/30581785,Suzuki 1.8 Hybrid Premium Plus CVT 1.8 Hybrid Premium Plus CVT 140KM | Okaz,,1798 cm,2023,technologia hybrydowa,124 390
https://gratka.pl/motoryzacja/suzuki-1-8-hybrid-premium-plus-cvt-1-8-hybrid-premium-plus-cvt-140km-okaz/ob/30576651,Suzuki 1.8 Hybrid Premium Plus CVT 1.8 Hybrid Premium Plus CVT 140KM | Okaz,7000,1798 cm,2023,technologia hybrydowa,112 900
https://gratka.pl/motoryzacja/suzuki-vitara-ii-1-5-strong-hybrid-elegance-2wd-ags-elegance-1-5-hybrid-116km-2wd-ags/ob/30576149,Suzuki Vitara II 1.5 Strong Hybrid Elegance 2WD AGS Elegance 1.5 Hybrid 116KM 2WD AGS,,1462 cm,2022,technologia hybrydowa,123 500
https://gratka.pl/motoryzacja/audi-a3-iii-35-35-2-0-tdi-150km-pakiet-ambiente-innowacji-virtual-cockpit/ob/30557703,"Audi A3 III 35 35 2.0 TDI 150KM Pakiet Ambiente, Innowacji, Virtual cockpit",31916,1968 cm,2020,diesel,139 900
https://gratka.pl/motoryzacja/toyota-hilux-viii-double-cab-dlx-4x4-alarm-hak-system-bluetooth-radio-4-2/ob/30587187,"Toyota Hilux VIII Double Cab DLX 4x4 Alarm !! Hak !! System Bluetooth® !! Radio 4,2"" !",,2393 cm,2023,diesel,"179 455,77"
https://gratka.pl/motoryzacja/mercedes-benz-klasa-e-220-d-4-matic-2-0-200km-amg-pakiet-premium-plus/ob/30588127,Mercedes-Benz Klasa E 220 d 4-Matic 2.0 (200KM) AMG | Pakiet Premium Plus,,1993 cm,2023,diesel,299 000
https://gratka.pl/motoryzacja/ford-ranger-iii-4x4-raptor-4x4-raptor-213km/ob/30588621,Ford Ranger III 4x4 Raptor 4x4 Raptor 213KM,,1995 cm,2022,diesel,"276 748,77"
https://gratka.pl/motoryzacja/mercedes-benz-300-d-4-matic-9g-tronic-nawigacja-plus-kamera-cofania-alarm-an/ob/30664555,Mercedes-Benz 300 d 4-Matic 9G-Tronic Nawigacja Plus !! Kamera Cofania !! Alarm an,,1950 cm,2023,diesel,"434 434,77"
https://gratka.pl/motoryzacja/mercedes-benz-220-d-4-matic-amg-line-2-0-220-d-4-matic-amg-line-200km-pakiet-w/ob/30575627,Mercedes-Benz 220 d 4-Matic AMG Line 2.0 220 d 4-Matic AMG Line (200KM) | Pakiet w,,1993 cm,2023,diesel,312 240
https://gratka.pl/motoryzacja/mercedes-benz-citan-tourer-113-navi-klimatyzacja-automatyczna-kamera-cofania/ob/30588637,Mercedes-Benz Citan Tourer 113 Navi !! Klimatyzacja Automatyczna !! Kamera Cofania !!,,1332 cm,2023,benzyna,"171 214,77"
https://gratka.pl/motoryzacja/mercedes-benz-250d-avantgarde-9g-tronic-ekstra-dl-nawigacja-klimatyzacja-ther/ob/30588653,Mercedes-Benz 250d Avantgarde 9G-Tronic (ekstra dł) Nawigacja !! Klimatyzacja THER,,1950 cm,2023,diesel,"363 340,77"
https://gratka.pl/motoryzacja/mercedes-benz-400-d-4-matic-l-amg-3-0-400-d-4-matic-l-amg-330km-pakiet-wyposa/ob/30584933,Mercedes-Benz 400 d 4-Matic L AMG 3.0 400 d 4-Matic L AMG (330KM) | Pakiet wyposa,,2925 cm,2023,diesel,672 000
https://gratka.pl/motoryzacja/mercedes-benz-300-d-4-matic-avantgarde-9g-tronic-dlugi-kamera-360-nawigacja/ob/30588655,"Mercedes-Benz 300 d 4-Matic Avantgarde 9G-Tronic (długi) Kamera 360"" !! Nawigacja",,1950 cm,2023,diesel,"453 745,77"
https://gratka.pl/motoryzacja/mercedes-benz-v-300-d-avantgarde-9g-tronic-dlugi-pakiet-sportowy-amg-klapa-ty/ob/30588659,Mercedes-Benz V 300 d Avantgarde 9G-Tronic (długi) Pakiet sportowy AMG !! Klapa ty,,1950 cm,2023,diesel,"413 770,77"
https://gratka.pl/motoryzacja/mercedes-benz-citan-tourer-110-cdi-klimatyzacja-automatyczna-podgrzewane-fotele-ka/ob/30588661,Mercedes-Benz Citan Tourer 110 CDI Klimatyzacja Automatyczna !! Podgrzewane Fotele !! Ka,,1461 cm,2022,diesel,"143 170,77"
https://gratka.pl/motoryzacja/ford-transit-connect-kombi-230-l2-active-nawigacja-czujniki-parkowania-przod-tyl-re/ob/30588619,Ford Transit Connect Kombi 230 L2 Active Nawigacja !! Czujniki Parkowania Przód/Tył !! Re,,1498 cm,2023,diesel,"167 032,77"
https://gratka.pl/motoryzacja/mercedes-benz-klasa-s-w222-400-d-4-matic-amg-line-3-0-330km-amg-pakiet-wyposazenia-premium/ob/30589525,Mercedes-Benz Klasa S W222 400 d 4-Matic AMG Line 3.0 (330KM) AMG | Pakiet wyposażenia Premium,,2925 cm,2023,diesel,649 800
https://gratka.pl/motoryzacja/mercedes-benz-klasa-e-220-d-4-matic-avantgarde-2-0-194km-pakiet-wyposazenia-advantage/ob/30589157,Mercedes-Benz Klasa E 220 d 4-Matic Avantgarde 2.0 (194KM) | Pakiet wyposażenia Advantage,,1950 cm,2023,diesel,260 000
https://gratka.pl/motoryzacja/mercedes-benz-220-d-4-matic-amg-2-0-220-d-4-matic-amg-200km-pakiet-wyposazeni/ob/30589581,Mercedes-Benz 220 d 4-Matic AMG 2.0 220 d 4-Matic AMG (200KM) | Pakiet wyposażeni,,1993 cm,2023,diesel,310 500
https://gratka.pl/motoryzacja/mercedes-benz-long-3-0-580-e-4-matic-367km-pakiet-wyposazenia-premium-plus/ob/30589599,Mercedes-Benz Long 3.0 580 e 4-Matic (367KM) | Pakiet wyposażenia Premium Plus,,2999 cm,2023,technologia hybrydowa,772 400
https://gratka.pl/motoryzacja/mercedes-benz-amg-line-8g-dct-1-3-250-e-218km-pakiet-wyposazenia-premium-plus/ob/30589617,Mercedes-Benz AMG Line 8G-DCT 1.3 250 e (218KM) | Pakiet Wyposażenia Premium PLus,,1332 cm,2022,technologia hybrydowa,232 000
https://gratka.pl/motoryzacja/mercedes-benz-1-3-200-163km-pakiet-amg-premium-pakiet-night/ob/30589577,Mercedes-Benz 1.3 200 (163KM) | Pakiet AMG Premium + Pakiet Night,,1332 cm,2023,benzyna,192 600
https://gratka.pl/motoryzacja/mercedes-benz-220-d-4-matic-amg-220-d-4-matic-amg-2-0-200km/ob/30589837,Mercedes-Benz 220 d 4-Matic AMG 220 d 4-Matic AMG 2.0 (200KM),,1993 cm,2023,diesel,279 400
https://gratka.pl/motoryzacja/renault-trafic-iii-kombi-l2h1-equilibre-klimatyzacja-manualna-z-przodu-i-z-tylu-temp/ob/30588617,Renault Trafic III Kombi L2H1 Equilibre Klimatyzacja manualna z przodu i z tyłu !! Temp,,1997 cm,2023,diesel,"179 578,77"
https://gratka.pl/motoryzacja/mercedes-benz-220-d-4-matic-amg-220-d-4-matic-amg-2-0-200km/ob/30589849,Mercedes-Benz 220 d 4-Matic AMG 220 d 4-Matic AMG 2.0 (200KM),,1993 cm,2023,diesel,269 500
https://gratka.pl/motoryzacja/mercedes-benz-klasa-cla-amg-line-2-0-250-224km-4-matic/ob/30589905,Mercedes-Benz Klasa CLA AMG Line 2.0 250 (224KM) 4-Matic,,1991 cm,2023,benzyna,242 000
https://gratka.pl/motoryzacja/audi-a6-v-c8-avant-40-tdi-quattro-s-line-2-0-204km-pakiet-technology/ob/30598437,Audi A6 V (C8) Avant 40 TDI Quattro S line 2.0 (204KM) | Pakiet Technology,,1968 cm,2023,diesel,280 200
https://gratka.pl/motoryzacja/volkswagen-multivan-6-1-l1-highline-dsg-6-1-l1-highline-dsg-204km/ob/30605137,Volkswagen Multivan 6.1 L1 Highline DSG 6.1 L1 Highline DSG 204KM,,1968 cm,2023,diesel,"400 240,77"
https://gratka.pl/motoryzacja/audi-a6-v-c8-avant-40-tdi-quattro-2-0-204km-pakiet-s-line-exterieur/ob/30596915,Audi A6 V (C8) Avant 40 TDI Quattro 2.0 (204KM) | Pakiet S line Exterieur,,1968 cm,2023,diesel,260 500
https://gratka.pl/motoryzacja/mercedes-benz-klasa-cla-2-0-45-s-amg-421km-wyposazenie-premium-plus/ob/30604799,Mercedes-Benz Klasa CLA 2.0 45 S AMG (421KM) | Wyposażenie Premium Plus,,1991 cm,2023,benzyna,403 734
https://gratka.pl/motoryzacja/mercedes-benz-amg-line-2-0-220d-4matic-197km-pakiet-premium/ob/30606513,Mercedes-Benz AMG Line 2.0 220d 4MATIC (197KM) | Pakiet Premium,8000,1993 cm,2022,diesel,"466 584,51"
https://gratka.pl/motoryzacja/mercedes-benz-amg-line-1-3-200-7g-dct-amg-line-163km-pakiet-wyposazenia-prem/ob/30606497,Mercedes-Benz AMG Line 1.3 200 7G-DCT AMG Line (163KM) | Pakiet Wyposażenia Prem,,1332 cm,2023,benzyna,218 200
https://gratka.pl/motoryzacja/mercedes-benz-avantgarde-1-5-c180-170km/ob/30606545,Mercedes-Benz Avantgarde 1.5 C180 (170KM),,1496 cm,2023,benzyna,203 500
https://gratka.pl/motoryzacja/mercedes-benz-2-0-e-220s-matic-business-pakiet-wyposazenia-z-linia-amg/ob/30606469,Mercedes-Benz 2.0 E 220s $ Matic Business | Pakiet wyposażenia z linią AMG,,1950 cm,2023,diesel,265 300
https://gratka.pl/motoryzacja/mercedes-benz-klasa-c-w205-amg-2-0-43-408km-4-matic-pakiet-wyposazenia-premium-plus-amg-n/ob/30590053,Mercedes-Benz Klasa C W205 AMG 2.0 43 (408KM) 4-Matic | Pakiet Wyposażenia Premium Plus + AMG N,,1991 cm,2023,benzyna,468 900
https://gratka.pl/motoryzacja/mercedes-benz-klasa-a-w177-amg-line-1-3-200-163km-amg-line-pakiet-amg-advanced-plus/ob/30606559,Mercedes-Benz Klasa A W177 AMG Line 1.3 200 (163KM) AMG Line | Pakiet AMG Advanced Plus,,1332 cm,2023,benzyna,172 200
https://gratka.pl/motoryzacja/mercedes-benz-business-edition-1-5-200-business-edition-163km-pakiet-wyposazen/ob/30606565,Mercedes-Benz Business Edition 1.5 200 Business Edition (163KM) | Pakiet Wyposażen,,1332 cm,2023,benzyna,213 800
https://gratka.pl/motoryzacja/mercedes-benz-klasa-c-w205-avantgarde-1-5-180-170km-avantgarde-asystent-martwego-pola/ob/30606567,"Mercedes-Benz Klasa C W205 AVANTGARDE 1.5 180 (170KM) AVANTGARDE | Asystent ""martwego pola""",,1496 cm,2023,benzyna,203 500
https://gratka.pl/motoryzacja/mercedes-benz-klasa-e-amg-line-2-0-220d-200km-4matic-pakiet-wyposazenia-premium-amg-l/ob/30606569,Mercedes-Benz Klasa E AMG Line 2.0 220d (200KM)4MATIC | Pakiet Wyposażenia Premium + AMG L,,1993 cm,2023,diesel,262 600
https://gratka.pl/motoryzacja/mercedes-benz-klasa-a-w177-amg-45-s-2-0-4matic-421km-amg-45-s-panorama-fotele-amg/ob/30606563,Mercedes-Benz Klasa A W177 AMG 45 S 2.0 4MATIC+ (421KM) | AMG 45 S | + Panorama + Fotele AMG +,,1991 cm,2023,benzyna,336 500
https://gratka.pl/motoryzacja/mercedes-benz-klasa-a-w177-amg-line-1-3-200-163km-amg-line-pakiet-amg-advanced-plus/ob/30606561,Mercedes-Benz Klasa A W177 AMG Line 1.3 200 (163KM) AMG Line | Pakiet AMG Advanced Plus,,1332 cm,2023,benzyna,169 200
https://gratka.pl/motoryzacja/mercedes-benz-klasa-gle-w167-3-0-400d-4matic-330km-pakiet-wyposazenia-premium/ob/30606571,Mercedes-Benz Klasa GLE W167 3.0 400d 4MATIC (330KM) | Pakiet wyposażenia Premium,,2925 cm,2023,diesel,422 500
https://gratka.pl/motoryzacja/audi-q7-ii-45-tdi-quattro-s-line-3-0-45-tdi-quattro-s-line-231km-pakiet-st/ob/30609389,Audi Q7 II 45 TDI quattro S Line 3.0 45 TDI quattro S Line (231KM) |Pakiet st,,2967 cm,2023,diesel,318 100
https://gratka.pl/motoryzacja/audi-q3-ii-sportback-35-tfsi-35-tfsi-1-5-150km/ob/30608043,Audi Q3 II Sportback 35 TFSI 35 TFSI 1.5 (150KM),,1498 cm,2023,benzyna,172 400
https://gratka.pl/motoryzacja/audi-q5-iii-50-tfsi-e-quattro-advanced-2-0-50-tfsi-e-quattro-advanced-299km/ob/30610053,Audi Q5 III 50 TFSI e Quattro Advanced 2.0 50 TFSI e Quattro Advanced (299KM) |,,1984 cm,2023,technologia hybrydowa,347 500
https://gratka.pl/motoryzacja/suzuki-1-8-hybrid-premium-plus-cvt-1-8-hybrid-premium-plus-cvt-140km-od-r/ob/30610239,Suzuki 1.8 Hybrid Premium Plus CVT 1.8 Hybrid Premium Plus CVT 140KM | Od R,,1798 cm,2023,technologia hybrydowa,129 590
https://gratka.pl/motoryzacja/audi-q7-ii-50-tdi-quattro-s-line-50-tdi-quattro-s-line-3-0-286km/ob/30607519,Audi Q7 II 50 TDI Quattro S Line 50 TDI Quattro S Line 3.0 (286KM),,2967 cm,2023,diesel,317 700
https://gratka.pl/motoryzacja/suzuki-1-8-hybrid-premium-plus-cvt-1-8-hybrid-premium-plus-cvt-122km-okaz/ob/30610433,Suzuki 1.8 Hybrid Premium Plus CVT 1.8 Hybrid Premium Plus CVT 122KM | Okaz,,1798 cm,2022,technologia hybrydowa,112 900
https://gratka.pl/motoryzacja/audi-q3-ii-sportback-35-tfsi-1-5-150km-pakiet-comfort/ob/30608091,Audi Q3 II Sportback 35 TFSI 1.5 (150KM) | Pakiet Comfort,,1498 cm,2023,benzyna,173 300
https://gratka.pl/motoryzacja/suzuki-swift-v-1-2-dualjet-shvs-premium-plus-premium-1-2-dualjet-84km-2wd/ob/30615993,Suzuki Swift V 1.2 Dualjet SHVS Premium Plus Premium 1.2 Dualjet 84KM 2WD,,1197 cm,2023,benzyna,79 190
https://gratka.pl/motoryzacja/suzuki-1-8-hybrid-premium-plus-cvt-premium-plus-1-8-hybrid-122km-2wd-cvt/ob/30630407,Suzuki 1.8 Hybrid Premium Plus CVT Premium Plus 1.8 Hybrid 122KM 2WD CVT,4100,1798 cm,2022,technologia hybrydowa,109 900
https://gratka.pl/motoryzacja/suzuki-swift-v-1-2-dualjet-shvs-premium-plus-cvt-dualjet-shvs-premium-plus-cvt-83km/ob/30616009,Suzuki Swift V 1.2 Dualjet SHVS Premium Plus CVT Dualjet SHVS Premium Plus CVT 83KM,,1197 cm,2023,benzyna,84 190
https://gratka.pl/motoryzacja/ford-ranger-iii-ecoblue-bi-turbo-4x4-raptor-elektryczna-roleta-skrzyni-ladunkowej/ob/30630315,Ford Ranger III EcoBlue Bi-Turbo 4x4 Raptor Elektryczna roleta skrzyni ładunkowej !!,,1995 cm,2023,diesel,"327 916,77"
https://gratka.pl/motoryzacja/audi-q7-ii-45-tdi-quattro-s-line-45-tdi-quattro-s-line-3-0-231km/ob/30616551,Audi Q7 II 45 TDI Quattro S Line 45 TDI Quattro S Line 3.0 (231KM),,2967 cm,2023,diesel,359 900
https://gratka.pl/motoryzacja/audi-a7-iii-45-tfsi-quattro-2-0-45-tfsi-quattro-265km-pakiet-stylistyczny-s/ob/30630921,Audi A7 III 45 TFSI quattro 2.0 45 TFSI quattro (265KM) | Pakiet stylistyczny S,,1984 cm,2023,benzyna,344 700
https://gratka.pl/motoryzacja/audi-a7-iii-40-tdi-sportback-quattro-2-0-40-tdi-sportback-quattro-204km-pak/ob/30630933,Audi A7 III 40 TDI Sportback quattro 2.0 40 TDI Sportback quattro (204KM) | Pak,,1968 cm,2023,diesel,349 400
https://gratka.pl/motoryzacja/audi-q5-iii-40-tfsi-quattro-s-line-2-0-40-tfsi-quattro-s-line-204km-pakiet-p/ob/30630965,Audi Q5 III 40 TFSI quattro S Line 2.0 40 TFSI quattro S Line (204KM) | Pakiet p,,1984 cm,2023,benzyna,245 200
https://gratka.pl/motoryzacja/audi-a7-iii-40-tdi-quattro-sportback-s-line-2-0-40-tdi-quattro-204km-s-line/ob/30630951,Audi A7 III 40 TDI quattro Sportback S Line 2.0 40 TDI quattro (204KM) S Line |,,1968 cm,2023,diesel,321 600
https://gratka.pl/motoryzacja/ford-tourneo-l2h1-active-active-park-assist-inteligentny-tempomat-kamera-co/ob/30616371,Ford Tourneo L2H1 Active Active Park Assist !! Inteligentny Tempomat !! Kamera Co,,1996 cm,2023,diesel,"266 416,77"
https://gratka.pl/motoryzacja/mercedes-benz-400-d-4-matic-amg-line-3-0-330km-pakiet-amg-line/ob/30671499,Mercedes-Benz 400 d 4-Matic AMG Line 3.0 (330KM) | Pakiet AMG Line,,2925 cm,2023,diesel,656 300
https://gratka.pl/motoryzacja/audi-a3-iii-sportback-35-tfsi-s-line-sportback-35-tfsi-s-line-1-5-150km-pano/ob/30677435,Audi A3 III Sportback 35 TFSI S Line Sportback 35 TFSI S Line 1.5 (150KM) + Pano,,1498 cm,2023,benzyna,160 100
https://gratka.pl/motoryzacja/volkswagen-tiguan-ii-1-5-tsi-evo-elegance-dsg-elegance-1-5-tsi-150km-pakiet-zimowy-dla-f/ob/30681717,Volkswagen Tiguan II 1.5 TSI EVO Elegance DSG Elegance 1.5 TSI 150KM |Pakiet Zimowy dla f,25719,1498 cm,2022,benzyna,164 900
https://gratka.pl/motoryzacja/fiat-tipo-ii-1-4-t-jet-16v-lounge-lounge-1-4-t-jet-120km-kamera-cofania-podgrze/ob/30682401,Fiat Tipo II 1.4 T-Jet 16v Lounge Lounge 1.4 T-Jet 120KM |Kamera cofania||Podgrze,68000,1368 cm,2020,benzyna,64 990
https://gratka.pl/motoryzacja/audi-a4-8w-35-tfsi-35-tfsi-2-0-150km-klima-3-strefowa-audi-parking-plus/ob/30677273,Audi A4 8W 35 TFSI 35 TFSI 2.0 (150KM) | + Klima 3-strefowa + Audi Parking Plus,,1984 cm,2023,benzyna,140 100
https://gratka.pl/motoryzacja/ford-tourneo-connect-ii-l1h1-titanium-adaptacyjne-reflektory-full-led-klimatyzacja-automa/ob/30617139,Ford Tourneo Connect II L1H1 Titanium Adaptacyjne reflektory Full Led !! Klimatyzacja Automa,,1498 cm,2023,benzyna,"159 775,77"
https://gratka.pl/motoryzacja/volkswagen-golf-sportsvan-vii-1-4-tsi-comfortline-comfortline-1-4-tsi-125km-czujniki-parkowan/ob/30681735,Volkswagen Golf Sportsvan VII 1.4 TSI Comfortline Comfortline 1.4 TSI 125KM |Czujniki parkowan,57565,1395 cm,2018,benzyna,73 900
https://gratka.pl/motoryzacja/audi-q7-ii-50-tdi-quattro-s-line-3-0-286km-pakiet-stylistyczny-wnetrza-s-li/ob/30682419,Audi Q7 II 50 TDI quattro S Line 3.0 (286KM) | Pakiet stylistyczny wnętrza S li,,2967 cm,2023,diesel,325 600
https://gratka.pl/motoryzacja/bmw-x3-ii-f25-xdrive20i-aut-xdrive20i-2-0-184km-czujniki-parkowania-tyl/ob/30681905,BMW X3 II (F25) xDrive20i aut xDrive20i 2.0 184KM |Czujniki parkowania tył|,260935,1997 cm,2014,benzyna,59 900
https://gratka.pl/motoryzacja/mercedes-benz-klasa-e-amg-line-business-edition-2-0-220-d-200km-amg-line-wyposazenie-p/ob/30683671,Mercedes-Benz Klasa E AMG Line Business Edition 2.0 220 d (200KM) AMG Line | Wyposażenie P,,1993 cm,2023,diesel,262 600
https://gratka.pl/motoryzacja/audi-a6-v-c8-avant-55-tfsi-quattro-sport-55-tfsi-quattro-sport-3-0-340km/ob/30684559,Audi A6 V (C8) Avant 55 TFSI quattro Sport 55 TFSI quattro Sport 3.0 (340KM),,2995 cm,2023,benzyna,466 700
https://gratka.pl/motoryzacja/mercedes-benz-9g-tronic-3-0-d-4-matic-9g-tronic-salonpl-1wl-bezwypadkowy-fv23/ob/30686083,"Mercedes-Benz 9G-TRONIC 3.0 d 4-Matic 9G-Tronic, SalonPL/1wł, Bezwypadkowy, FV23%,",41000,2925 cm,2019,diesel,319 990
https://gratka.pl/motoryzacja/cupra-formentor-1-5-tsi-150km-dsg-od-reki/ob/30687479,Cupra Formentor 1.5 TSI 150KM DSG Od ręki,29562,1498 cm,2021,benzyna,138 900
https://gratka.pl/motoryzacja/toyota-corolla-xii-1-5-comfort-comfort-1-5-125km-kamera-cofania/ob/30694305,Toyota Corolla XII 1.5 Comfort Comfort 1.5 125KM |Kamera cofania|,200,1490 cm,2022,benzyna,92 900
https://gratka.pl/motoryzacja/nissan-qashqai-ii-1-3-dig-t-mhev-acenta-xtronic-acenta-1-3-dig-t-158km-mhev-kamera-co/ob/30694333,Nissan Qashqai II 1.3 DIG-T mHEV Acenta Xtronic Acenta 1.3 DIG-T 158KM mHEV |Kamera co,200,1332 cm,2022,benzyna,145 500
https://gratka.pl/motoryzacja/skoda-kamiq-style-style-1-5-tsi-150km-pakiet-tech/ob/30694321,Skoda Kamiq Style Style 1.5 TSI 150KM |Pakiet Tech|,200,1498 cm,2022,benzyna,121 500
https://gratka.pl/motoryzacja/skoda-kamiq-ambition-ambition-1-5-tsi-150km-pakiet-tech/ob/30694313,Skoda Kamiq Ambition Ambition 1.5 TSI 150KM |Pakiet Tech|,200,1498 cm,2022,benzyna,111 990
https://gratka.pl/motoryzacja/nissan-qashqai-ii-acenta-1-3-dig-t-acenta-1-3-dig-t-158km/ob/30694355,Nissan Qashqai II Acenta 1.3 DIG-T Acenta 1.3 DIG-T 158KM,1000,1332 cm,2022,technologia hybrydowa,145 500
https://gratka.pl/motoryzacja/hyundai-i30-ii-smart-smart-1-5-160km/ob/30694339,Hyundai i30 II Smart Smart 1.5 160KM,200,1482 cm,2022,benzyna,101 900
https://gratka.pl/motoryzacja/ford-focus-iv-1-0-ecoboost-mhev-st-line-x-aut-st-line-x-ecoboost-155km-mhev-pakie/ob/30694329,Ford Focus IV 1.0 EcoBoost mHEV ST-Line X aut ST-Line X EcoBoost 155KM mHEV |Pakie,4326,999 cm,2022,technologia hybrydowa,122 900
https://gratka.pl/motoryzacja/toyota-auris-ii-premium-1-8-premium-1-8-136km-hybrid/ob/30694235,Toyota Auris II Premium 1.8 Premium 1.8 136KM Hybrid,31784,1798 cm,2018,technologia hybrydowa,93 900
https://gratka.pl/motoryzacja/toyota-auris-ii-premium-1-8-premium-1-8-136km-hybrid/ob/30694367,Toyota Auris II Premium 1.8 Premium 1.8 136KM Hybrid,76032,1798 cm,2018,technologia hybrydowa,89 900
https://gratka.pl/motoryzacja/volkswagen-t-roc-style-style-1-5-tsi-150km-dsg/ob/30695349,Volkswagen T-Roc Style Style 1.5 TSI 150KM DSG,,1498 cm,2023,benzyna,151 700
https://gratka.pl/motoryzacja/volkswagen-t-roc-style-style-1-5-tsi-150km-dsg/ob/30695407,Volkswagen T-Roc Style Style 1.5 TSI 150KM DSG,,1498 cm,2023,benzyna,151 150
https://gratka.pl/motoryzacja/volkswagen-t-roc-style-style-1-5-tsi-150km-dsg/ob/30695457,Volkswagen T-Roc Style Style 1.5 TSI 150KM DSG,,1498 cm,2023,benzyna,159 000
https://gratka.pl/motoryzacja/volkswagen-t-roc-1-5-tsi-life-1-5-tsi-150km-life/ob/30695485,Volkswagen T-Roc 1.5 TSI Life 1.5 TSI 150KM Life,,1498 cm,2023,benzyna,117 500
https://gratka.pl/motoryzacja/volkswagen-t-roc-style-style-1-5-tsi-150km-dsg/ob/30695375,Volkswagen T-Roc Style Style 1.5 TSI 150KM DSG,,1498 cm,2023,benzyna,151 150
https://gratka.pl/motoryzacja/volkswagen-style-taigo-style-1-5-tsi-150km-dsg/ob/30695567,Volkswagen Style Taigo Style 1.5 TSI 150KM DSG,,1498 cm,2023,benzyna,133 000
https://gratka.pl/motoryzacja/volkswagen-t-cross-1-0-tsi-style-dsg-style-1-0-tsi-110km-dsg-pakiet-comfort-pakiet-tech/ob/30697265,Volkswagen T-Cross 1.0 TSI Style DSG Style 1.0 TSI 110KM DSG Pakiet Comfort Pakiet Tech,,999 cm,2023,benzyna,117 290
https://gratka.pl/motoryzacja/volkswagen-t-cross-life-life-1-0-tsi-110km-pakiet-comfort-pakiet-tech/ob/30697351,Volkswagen T-Cross Life Life 1.0 TSI 110KM Pakiet Comfort Pakiet Tech,,999 cm,2023,benzyna,111 800
https://gratka.pl/motoryzacja/volkswagen-style-style-1-0-tsi-110km-dsg-pakiet-comfort-kamera-cofania/ob/30697557,Volkswagen Style Style 1.0 TSI 110KM DSG Pakiet Comfort Kamera cofania,,999 cm,2023,benzyna,122 487
https://gratka.pl/motoryzacja/volkswagen-t-roc-life-life-1-0-tsi-110km-pakiet-comfort-kamera-cofania/ob/30697595,Volkswagen T-Roc Life Life 1.0 TSI 110KM Pakiet Comfort Kamera cofania,,999 cm,2023,benzyna,113 900
https://gratka.pl/motoryzacja/volkswagen-t-roc-1-5-tsi-style-dsg-1-5-tsi-150km-style-dsg-pakiet-comfort-pakiet-tech/ob/30697713,Volkswagen T-Roc 1.5 TSI Style DSG 1.5 TSI 150km Style DSG Pakiet Comfort Pakiet Tech,,1498 cm,2023,benzyna,155 396
https://gratka.pl/motoryzacja/volkswagen-arteon-r-line-r-line-2-0-tsi-190km-dsg-kamera-cofania-pakiet-tech/ob/30697307,Volkswagen Arteon R-Line R-Line 2.0 TSI 190KM DSG Kamera cofania Pakiet Tech,,1984 cm,2023,benzyna,223 000
https://gratka.pl/motoryzacja/volkswagen-t-roc-1-5-tsi-life-1-5-tsi-150km-life-pakiet-comfort-kamera-cofania/ob/30697769,Volkswagen T-Roc 1.5 TSI Life 1.5 TSI 150km Life Pakiet Comfort Kamera cofania,,1498 cm,2023,benzyna,120 490
https://gratka.pl/motoryzacja/volkswagen-golf-viii-viii-viii-1-0-tsi-90km-pakiet-comfort-app-connect/ob/30697651,Volkswagen Golf VIII VIII VIII 1.0 TSI 90KM Pakiet Comfort App-Connect,,999 cm,2023,benzyna,102 900
https://gratka.pl/motoryzacja/volkswagen-t-roc-1-5-tsi-life-1-5-tsi-150km-life-pakiet-comfort-siedzenia-komfortowe/ob/30697797,Volkswagen T-Roc 1.5 TSI Life 1.5 TSI 150km Life Pakiet Comfort Siedzenia komfortowe,,1498 cm,2023,benzyna,118 090
https://gratka.pl/motoryzacja/volkswagen-t-roc-life-life-1-5-tsi-150km-pakiet-comfort-kamera-cofania/ob/30697813,Volkswagen T-Roc Life Life 1.5 TSI 150KM Pakiet Comfort Kamera cofania,,1498 cm,2023,benzyna,118 000
https://gratka.pl/motoryzacja/citroen-c5-aircross-1-5-bluehdi-shine-eat8-1-5-bluehdi-shine-eat8-130km/ob/30701237,Citroen C5 Aircross 1.5 BlueHDi Shine EAT8 1.5 BlueHDi Shine EAT8 130KM,,1499 cm,2022,diesel,154 500
https://gratka.pl/motoryzacja/citroen-c5-aircross-1-2-puretech-feel-pack-eat8-1-2-puretech-feel-pack-eat8-130km/ob/30701931,Citroen C5 Aircross 1.2 PureTech Feel Pack EAT8 1.2 PureTech Feel Pack EAT8 130KM,,1199 cm,2023,benzyna,143 400
https://gratka.pl/motoryzacja/volkswagen-t-roc-style-style-1-5-tsi-150km-dsg/ob/30695421,Volkswagen T-Roc Style Style 1.5 TSI 150KM DSG,,1498 cm,2023,benzyna,150 650
https://gratka.pl/motoryzacja/citroen-c3-iii-1-2-puretech-shine-1-2-puretech-shine-83km/ob/30701301,Citroen C3 III 1.2 PureTech Shine 1.2 PureTech Shine 83KM,,1199 cm,2022,benzyna,75 900
https://gratka.pl/motoryzacja/citroen-c3-iii-1-2-puretech-shine-1-2-puretech-shine-110km/ob/30702169,Citroen C3 III 1.2 PureTech Shine 1.2 PureTech Shine 110KM,,1199 cm,2023,benzyna,84 000
https://gratka.pl/motoryzacja/citroen-c3-iii-1-2-puretech-shine-1-2-puretech-shine-83km/ob/30702125,Citroen C3 III 1.2 PureTech Shine 1.2 PureTech Shine 83KM,,1199 cm,2022,benzyna,83 000
https://gratka.pl/motoryzacja/citroen-c5-aircross-1-2-puretech-shine-pack-eat8-1-2-puretech-shine-pack-eat8-130km/ob/30702205,Citroen C5 Aircross 1.2 PureTech Shine Pack EAT8 1.2 PureTech Shine Pack EAT8 130KM,4000,1199 cm,2022,benzyna,156 000
https://gratka.pl/motoryzacja/citroen-c4-ii-1-5-bluehdi-shine-s-s-eat8-1-5-bluehdi-shine-s-s-eat8-130km/ob/30702229,Citroen C4 II 1.5 BlueHDi Shine S&S EAT8 1.5 BlueHDi Shine S&S EAT8 130KM,,1499 cm,2023,diesel,146 600
https://gratka.pl/motoryzacja/citroen-1-6-phev-shine-pack-eat8-1-6-phev-shine-pack-eat8-225km/ob/30701973,Citroen 1.6 PHEV Shine Pack EAT8 1.6 PHEV Shine Pack EAT8 225KM,5900,1598 cm,2022,technologia hybrydowa,199 900
https://gratka.pl/motoryzacja/peugeot-3008-ii-1-2-puretech-allure-pack-s-s-eat8-1-2-puretech-allure-pack-s-s-eat8/ob/30702271,Peugeot 3008 II 1.2 PureTech Allure Pack S&S EAT8 1.2 PureTech Allure Pack S&S EAT8,,1199 cm,2023,benzyna,145 650
https://gratka.pl/motoryzacja/peugeot-2008-1-2-puretech-allure-pack-s-s-1-2-puretech-allure-pack-s-s-130km/ob/30702293,Peugeot 2008 1.2 PureTech Allure Pack S&S 1.2 PureTech Allure Pack S&S 130KM,,1199 cm,2023,benzyna,110 500
https://gratka.pl/motoryzacja/peugeot-208-ii-1-2-puretech-gt-s-s-1-2-puretech-gt-s-s-100km/ob/30702319,Peugeot 208 II 1.2 PureTech GT S&S 1.2 PureTech GT S&S 100KM,,1199 cm,2023,benzyna,108 300
https://gratka.pl/motoryzacja/peugeot-208-ii-1-2-puretech-gt-s-s-eat8-1-2-puretech-gt-s-s-eat8-100km/ob/30702381,Peugeot 208 II 1.2 PureTech GT S&S EAT8 1.2 PureTech GT S&S EAT8 100KM,,1199 cm,2023,benzyna,115 008
https://gratka.pl/motoryzacja/peugeot-208-ii-1-2-puretech-gt-s-s-eat8-1-2-puretech-gt-s-s-eat8-100km/ob/30702423,Peugeot 208 II 1.2 PureTech GT S&S EAT8 1.2 PureTech GT S&S EAT8 100KM,,1199 cm,2023,benzyna,109 300
https://gratka.pl/motoryzacja/peugeot-208-ii-e-208-allure-pack-e-208-allure-pack-136km/ob/30702355,Peugeot 208 II e-208 Allure Pack e-208 Allure Pack 136KM,,,2023,napęd elektryczny,161 700
https://gratka.pl/motoryzacja/peugeot-208-ii-1-2-puretech-allure-pack-s-s-1-2-puretech-allure-pack-s-s-100km/ob/30702339,Peugeot 208 II 1.2 PureTech Allure Pack S&S 1.2 PureTech Allure Pack S&S 100KM,,1199 cm,2023,benzyna,92 800
https://gratka.pl/motoryzacja/peugeot-2008-e-2008-allure-pack-e-2008-allure-pack-136km/ob/30702645,Peugeot 2008 e-2008 Allure Pack e-2008 Allure Pack 136KM,,,2023,napęd elektryczny,189 850
https://gratka.pl/motoryzacja/peugeot-208-ii-1-2-puretech-allure-pack-s-s-eat8-1-2-puretech-allure-pack-s-s-eat8/ob/30702455,Peugeot 208 II 1.2 PureTech Allure Pack S&S EAT8 1.2 PureTech Allure Pack S&S EAT8,,1199 cm,2023,benzyna,100 699
https://gratka.pl/motoryzacja/peugeot-3008-ii-1-6-puretech-hybrid-phev-allure-pack-s-s-eat8-1-6-puretech-hybrid-ph/ob/30702789,Peugeot 3008 II 1.6 PureTech Hybrid PHEV Allure Pack S&S EAT8 1.6 PureTech Hybrid PH,,1598 cm,2023,technologia hybrydowa,202 900
https://gratka.pl/motoryzacja/peugeot-2008-1-5-bluehdi-allure-pack-s-s-eat8-1-5-bluehdi-allure-pack-s-s-eat8-13/ob/30702719,Peugeot 2008 1.5 BlueHDi Allure Pack S&S EAT8 1.5 BlueHDi Allure Pack S&S EAT8 13,,1499 cm,2022,diesel,125 800
https://gratka.pl/motoryzacja/peugeot-3008-ii-1-5-bluehdi-allure-pack-s-s-eat8-1-5-bluehdi-allure-pack-s-s-eat8-13/ob/30702845,Peugeot 3008 II 1.5 BlueHDi Allure Pack S&S EAT8 1.5 BlueHDi Allure Pack S&S EAT8 13,,1499 cm,2023,diesel,163 000
https://gratka.pl/motoryzacja/citroen-c4-ii-1-2-puretech-feel-pack-s-s-eat8-1-2-puretech-feel-pack-s-s-eat8-130k/ob/30702699,Citroen C4 II 1.2 PureTech Feel Pack S&S EAT8 1.2 PureTech Feel Pack S&S EAT8 130K,,1199 cm,2023,benzyna,128 550
https://gratka.pl/motoryzacja/peugeot-208-ii-1-2-puretech-allure-pack-s-s-eat8-1-2-puretech-allure-pack-s-s-eat8/ob/30702877,Peugeot 208 II 1.2 PureTech Allure Pack S&S EAT8 1.2 PureTech Allure Pack S&S EAT8,9500,1199 cm,2022,benzyna,98 600
https://gratka.pl/motoryzacja/peugeot-208-ii-e-208-allure-pack-e-208-allure-pack-136km/ob/30702745,Peugeot 208 II e-208 Allure Pack e-208 Allure Pack 136KM,,,2023,napęd elektryczny,170 000
https://gratka.pl/motoryzacja/peugeot-3008-ii-1-6-puretech-hybrid-phev-allure-pack-s-s-eat8-1-6-puretech-hybrid-ph/ob/30702931,Peugeot 3008 II 1.6 PureTech Hybrid PHEV Allure Pack S&S EAT8 1.6 PureTech Hybrid PH,,1598 cm,2023,technologia hybrydowa,208 600
https://gratka.pl/motoryzacja/citroen-c4-ii-1-2-puretech-shine-s-s-eat8-1-2-puretech-shine-s-s-eat8-130km/ob/30703257,Citroen C4 II 1.2 PureTech Shine S&S EAT8 1.2 PureTech Shine S&S EAT8 130KM,,1199 cm,2022,benzyna,116 650
https://gratka.pl/motoryzacja/citroen-c3-iii-1-2-puretech-shine-shine-1-2-puretech-83km-mt/ob/30703281,Citroen C3 III 1.2 PureTech Shine Shine 1.2 PureTech 83KM MT,,1199 cm,2022,benzyna,75 900
https://gratka.pl/motoryzacja/citroen-c3-aircross-1-2-puretech-shine-s-s-eat6-1-2-puretech-shine-s-s-eat6-130km/ob/30703347,Citroen C3 Aircross 1.2 PureTech Shine S&S EAT6 1.2 PureTech Shine S&S EAT6 130KM,,1199 cm,2022,benzyna,109 000
https://gratka.pl/motoryzacja/citroen-1-6-phev-shine-pack-eat8-1-6-phev-shine-pack-eat8-225km/ob/30703317,Citroen 1.6 PHEV Shine Pack EAT8 1.6 PHEV Shine Pack EAT8 225KM,7500,1598 cm,2022,technologia hybrydowa,210 000
https://gratka.pl/motoryzacja/citroen-c3-iii-1-2-puretech-shine-eat6-1-2-puretech-shine-110km/ob/30703381,Citroen C3 III 1.2 PureTech Shine EAT6 1.2 PureTech Shine 110km,,1199 cm,2023,benzyna,97 000
https://gratka.pl/motoryzacja/citroen-c3-iii-1-2-puretech-shine-1-2-puretech-83km-shine/ob/30703413,Citroen C3 III 1.2 PureTech Shine 1.2 PureTech 83km Shine,,1199 cm,2023,benzyna,79 800
https://gratka.pl/motoryzacja/citroen-c4-ii-1-5-bluehdi-shine-s-s-eat8-1-6-bluehdi-130km-shine/ob/30703449,Citroen C4 II 1.5 BlueHDi Shine S&S EAT8 1.6 BlueHDi 130km Shine,15000,1499 cm,2022,diesel,122 300
https://gratka.pl/motoryzacja/citroen-c4-ii-1-2-puretech-shine-s-s-eat8-1-2-puretech-shine-s-s-eat8-130km/ob/30703895,Citroen C4 II 1.2 PureTech Shine S&S EAT8 1.2 PureTech Shine S&S EAT8 130KM,,1199 cm,2023,benzyna,136 400
https://gratka.pl/motoryzacja/volvo-xc60-ii-b4-d-awd-plus-dark-2-0-b4-d-awd-plus-dark-211km-pakiet-climate/ob/30703903,Volvo XC60 II B4 D AWD Plus Dark 2.0 B4 D AWD Plus Dark (211KM) | Pakiet Climate,,1969 cm,2023,diesel,253 200
https://gratka.pl/motoryzacja/audi-q7-ii-50-tdi-quattro-s-line-50-tdi-quattro-s-line-3-0-286km/ob/30704533,Audi Q7 II 50 TDI quattro S Line 50 TDI quattro S Line 3.0 (286KM),,2967 cm,2023,diesel,376 600
https://gratka.pl/motoryzacja/citroen-1-2-puretech-feel-s-s-mt6-1-2-puretech-feel-s-s-mt6-130km/ob/30704767,Citroen 1.2 PureTech Feel S&S MT6 1.2 PureTech Feel S&S MT6 130KM,,1199 cm,2023,benzyna,99 900
https://gratka.pl/motoryzacja/citroen-c4-ii-1-2-puretech-feel-pack-s-s-eat8-1-2-puretech-130km-feel-pack-eat8/ob/30705003,Citroen C4 II 1.2 PureTech Feel Pack S&S EAT8 1.2 PureTech 130km Feel Pack EAT8,,1199 cm,2023,benzyna,122 000
https://gratka.pl/motoryzacja/volvo-s60-iii-b4-b-plus-dark-2-0-b4-b-plus-dark-211km-driver-assistance/ob/30703787,Volvo S60 III B4 B Plus Dark 2.0 B4 B Plus Dark (211KM) | Driver Assistance,,1969 cm,2023,benzyna,210 200
https://gratka.pl/motoryzacja/audi-a4-8w-40-tdi-quattro-s-line-avant-40-tdi-quattro-s-line-avant-2-0-pakiet/ob/30704797,Audi A4 8W 40 TDI quattro S Line Avant 40 TDI quattro S Line Avant 2.0 | Pakiet,,1968 cm,2023,diesel,239 500
https://gratka.pl/motoryzacja/citroen-c4-ii-1-5-bluehdi-feel-pack-s-s-1-5-bluehdi-110km-feel-pack/ob/30705041,Citroen C4 II 1.5 BlueHDi Feel Pack S&S 1.5 BlueHDI 110km Feel Pack,,1499 cm,2022,diesel,116 400
https://gratka.pl/motoryzacja/audi-a6-v-c8-s6-tdi-quattro-3-0-s6-tdi-quattro-344km-pakiet-oswietlenia-wnetr/ob/30705047,Audi A6 V (C8) S6 TDI quattro 3.0 S6 TDI quattro (344KM) | Pakiet oświetlenia wnętr,,2967 cm,2023,diesel,491 100
https://gratka.pl/motoryzacja/citroen-c3-aircross-1-2-puretech-shine-s-s-1-2-puretech-shine-s-s-110km/ob/30705089,Citroen C3 Aircross 1.2 PureTech Shine S&S 1.2 PureTech Shine S&S 110KM,,1199 cm,2022,benzyna,101 800
https://gratka.pl/motoryzacja/citroen-1-2-puretech-shine-s-s-eat8-1-2-puretech-131km-shine-eat8/ob/30705063,Citroen 1.2 PureTech Shine S&S EAT8 1.2 PureTech 131KM Shine EAT8,,1199 cm,2023,benzyna,131 600
https://gratka.pl/motoryzacja/citroen-c4-ii-e-c4-shine-e-c4-shine-136km/ob/30705071,Citroen C4 II e-C4 Shine e-C4 Shine 136KM,,,2022,napęd elektryczny,169 900
https://gratka.pl/motoryzacja/citroen-c3-aircross-1-2-puretech-shine-s-s-eat6-1-2-puretech-130km-shine-pack/ob/30705103,Citroen C3 Aircross 1.2 PureTech Shine S&S EAT6 1.2 PureTech 130km Shine Pack,500,1199 cm,2022,benzyna,115 000
https://gratka.pl/motoryzacja/toyota-yaris-iii-active-1-5-hybrid-116km-e-cvt/ob/30705601,Toyota Yaris III Active 1.5 Hybrid 116KM e-CVT,,1497 cm,2022,technologia hybrydowa,95 390
https://gratka.pl/motoryzacja/audi-q5-iii-40-tdi-quattro-advanced-2-0-40-tdi-quattro-advanced-204km-pakiet/ob/30705807,Audi Q5 III 40 TDI Quattro Advanced 2.0 40 TDI Quattro Advanced (204KM) | Pakiet,,1968 cm,2023,diesel,243 700
https://gratka.pl/motoryzacja/toyota-yaris-iii-comfort-1-5-hybrid-116km/ob/30705625,Toyota Yaris III Comfort 1.5 Hybrid 116KM,,1497 cm,2023,technologia hybrydowa,99 400
https://gratka.pl/motoryzacja/toyota-proace-long-l2h1-vip-at-long-l2h1-vip-at-177km/ob/30706177,Toyota ProAce Long L2H1 VIP AT Long L2H1 VIP AT 177KM,,1997 cm,2023,diesel,"271 582,77"
https://gratka.pl/motoryzacja/suzuki-1-8-hybrid-elegance-cvt-elegance-1-8-hybrid-122km-2wd-e-cvt/ob/27904153,Suzuki 1.8 Hybrid Elegance CVT Elegance 1.8 Hybrid 122KM 2WD E-CVT,30000,1798 cm,2021,technologia hybrydowa,118 900
https://gratka.pl/motoryzacja/volvo-xc90-v-b5-d-awd-plus-dark-7os-b5-d-awd-plus-dark-7os-2-0-podgrzewana-szyb/ob/30703117,Volvo XC90 V B5 D AWD Plus Dark 7os B5 D AWD Plus Dark 7os 2.0 | Podgrzewana szyb,,1969 cm,2023,diesel,350 300
https://gratka.pl/motoryzacja/toyota-corolla-xii-1-5-comfort-comfort-1-5-vvt-i-125km-6-m-t-czujniki-parkowania-kamera/ob/27949109,Toyota Corolla XII 1.5 Comfort Comfort 1.5 VVT-i 125KM 6 M/T Czujniki Parkowania+Kamera,,1490 cm,2022,benzyna,107 900
https://gratka.pl/motoryzacja/toyota-corolla-xii-1-5-comfort-comfort-1-5-vvt-i-125km-6-m-t-okazja-kamera-cofania-f/ob/27949135,Toyota Corolla XII 1.5 Comfort Comfort 1.5 VVT-i 125KM 6 M/T Okazja! + Kamera Cofania+F,,1490 cm,2022,benzyna,93 400
https://gratka.pl/motoryzacja/peugeot-allure-pack-puretech-130-km-ss-eat8-allure-pack-1-2-puretech-130km-2/ob/30704505,Peugeot Allure Pack PureTech 130 KM SS EAT8 Allure Pack 1.2 PureTech 130KM 2,,1200 cm,2023,benzyna,143 900
https://gratka.pl/motoryzacja/toyota-corolla-xii-1-5-comfort-1-5-comfort-125km/ob/30706555,Toyota Corolla XII 1.5 Comfort 1.5 Comfort 125KM,,1490 cm,2022,benzyna,107 400
https://gratka.pl/motoryzacja/volvo-xc40-ultimate-p8-awd-408km-pakiet-climate/ob/30703389,Volvo XC40 Ultimate P8 AWD (408KM) | Pakiet Climate,,,2023,napęd elektryczny,300 900
https://gratka.pl/motoryzacja/toyota-corolla-xii-1-5-comfort-comfort-1-5-vvt-i-125km-6-m-t-okazja-czujniki-felgi-1/ob/27949259,Toyota Corolla XII 1.5 Comfort Comfort 1.5 VVT-i 125KM 6 M/T Okazja! + Czujniki+Felgi 1,,1490 cm,2022,benzyna,107 900
https://gratka.pl/motoryzacja/suzuki-vitara-ii-1-4-boosterjet-shvs-premium-2wd-premium-1-4-boosterjet-129km-2wd-mt/ob/30383039,Suzuki Vitara II 1.4 Boosterjet SHVS Premium 2WD Premium 1.4 Boosterjet 129KM 2WD MT,,1373 cm,2023,technologia hybrydowa,103 390
https://gratka.pl/motoryzacja/ford-kuga-iv-2-0-ecoblue-awd-st-line-x-aut-st-line-x-190km-a8-awd-pakiet-driver/ob/30396103,Ford Kuga IV 2.0 EcoBlue AWD ST-Line X aut ST-Line X 190KM A8 AWD |Pakiet Driver,200,1996 cm,2022,diesel,179 900
https://gratka.pl/motoryzacja/skoda-kamiq-style-style-1-5-tsi-150km-dsg-pakiet-tech/ob/30396111,Skoda Kamiq Style Style 1.5 TSI 150KM DSG |Pakiet Tech|,200,1498 cm,2022,benzyna,126 990
https://gratka.pl/motoryzacja/mercedes-benz-klasa-glb-amg-line-2-0-250-224km-4matic-pakiet-wyposazenia-premium-plus/ob/28170443,Mercedes-Benz Klasa GLB AMG Line 2.0 250 (224KM) 4MATIC | Pakiet Wyposażenia Premium Plus +,,1991 cm,2022,benzyna,246 630
https://gratka.pl/motoryzacja/volvo-v60-ii-cc-pro-b4-d-2-0v60-cc-pro-b4-d-211km-pakiet-climate/ob/30706327,Volvo V60 II CC Pro B4 D 2.0V60 CC Pro B4 D (211KM) | Pakiet Climate,14000,1969 cm,2022,diesel,219 900
https://gratka.pl/motoryzacja/skoda-kamiq-style-style-1-5-tsi-150km-pakiet-tech/ob/30396139,Skoda Kamiq Style Style 1.5 TSI 150KM |Pakiet Tech|,200,1498 cm,2022,benzyna,121 500
https://gratka.pl/motoryzacja/suzuki-sx4-ii-s-cross-1-4-shvs-comfort-comfort-1-4-129km-2wd-mt/ob/27971409,Suzuki SX4 II S-cross 1.4 SHVS Comfort Comfort 1.4 129KM 2WD MT,17400,1373 cm,2021,technologia hybrydowa,91 990
https://gratka.pl/motoryzacja/skoda-octavia-iii-elegance-elegance-1-4-tsi-140km-czujniki-parkowania-przod-tyl/ob/30396119,Skoda Octavia III Elegance Elegance 1.4 TSI 140KM |Czujniki parkowania przód + tył|,193670,1395 cm,2015,benzyna,49 990
https://gratka.pl/motoryzacja/suzuki-vitara-ii-1-4-boosterjet-shvs-premium-4wd-1-4-boosterjet-shvs-premium-4wd-129k/ob/30410897,Suzuki Vitara II 1.4 Boosterjet SHVS Premium 4WD 1.4 Boosterjet SHVS Premium 4WD 129K,,1373 cm,2023,technologia hybrydowa,116 390
https://gratka.pl/motoryzacja/suzuki-sx4-s-cross-1-4-shvs-premium-premium-1-4-boosterjet-129km-2wd-mt/ob/30397309,Suzuki SX4 S-Cross 1.4 SHVS Premium Premium 1.4 Boosterjet 129KM 2WD MT,,1373 cm,2023,technologia hybrydowa,119 390
https://gratka.pl/motoryzacja/suzuki-sx4-s-cross-1-5-strong-hybrid-elegance-ags-elegance-1-5-hybrid-116km-2wd-ags/ob/30411127,Suzuki SX4 S-Cross 1.5 Strong Hybrid Elegance AGS Elegance 1.5 Hybrid 116KM 2WD AGS,,1462 cm,2023,technologia hybrydowa,141 390
https://gratka.pl/motoryzacja/suzuki-sx4-s-cross-s-cross-1-4-shvs-elegance-elegance-1-4-boosterjet-129km-2wd-mt/ob/28028203,Suzuki SX4 S-Cross S-Cross 1.4 SHVS Elegance Elegance 1.4 Boosterjet 129KM 2WD MT,1000,1373 cm,2022,benzyna,120 700
https://gratka.pl/motoryzacja/suzuki-vitara-ii-1-5-strong-hybrid-elegance-2wd-ags-elegance-1-5-hybrid-116km-2wd-ags/ob/30412447,Suzuki Vitara II 1.5 Strong Hybrid Elegance 2WD AGS Elegance 1.5 Hybrid 116KM 2WD AGS,,1462 cm,2022,technologia hybrydowa,126 390
https://gratka.pl/motoryzacja/suzuki-sx4-s-cross-1-4-shvs-premium-4wd-premium-1-4-shvs-129km-mt-4wd/ob/30415333,Suzuki SX4 S-Cross 1.4 SHVS Premium 4WD Premium 1.4 SHVS 129KM MT 4WD,,1373 cm,2022,benzyna,120 000
https://gratka.pl/motoryzacja/suzuki-vitara-ii-1-4-boosterjet-premium-4wd-premium-1-4-boosterjet-129km-4wd-at/ob/30413853,Suzuki Vitara II 1.4 Boosterjet Premium 4WD Premium 1.4 Boosterjet 129KM 4WD AT,,1373 cm,2022,technologia hybrydowa,112 390
https://gratka.pl/motoryzacja/suzuki-sx4-s-cross-1-4-shvs-elegance-elegance-1-4-boosterjet-129km-2wd-mt/ob/30397023,Suzuki SX4 S-Cross 1.4 SHVS Elegance Elegance 1.4 Boosterjet 129KM 2WD MT,,1373 cm,2023,technologia hybrydowa,129 390
https://gratka.pl/motoryzacja/toyota-corolla-xii-comfort-1-8-comfort-1-8-140km-hybrid/ob/30416741,Toyota Corolla XII Comfort 1.8 Comfort 1.8 140KM Hybrid,1000,1798 cm,2023,technologia hybrydowa,133 900
https://gratka.pl/motoryzacja/fiat-tipo-ii-1-4-t-jet-16v-lounge-lounge-1-4-t-jet-120km-okazja-skorzana-tapic/ob/30416945,Fiat Tipo II 1.4 T-Jet 16v Lounge Lounge 1.4 T-Jet 120KM Okazja! + Skórzana tapic,68389,1368 cm,2020,benzyna,64 990
https://gratka.pl/motoryzacja/suzuki-sx4-s-cross-1-4-shvs-premium-4wd-premium-1-4-boosterjet-129km-4wd-mt/ob/30424291,Suzuki SX4 S-Cross 1.4 SHVS Premium 4WD Premium 1.4 Boosterjet 129KM 4WD MT,,1373 cm,2023,technologia hybrydowa,123 990
https://gratka.pl/motoryzacja/suzuki-sx4-s-cross-1-4-shvs-premium-premium-1-4-boosterjet-129km-2wd-mt/ob/30410903,Suzuki SX4 S-Cross 1.4 SHVS Premium Premium 1.4 Boosterjet 129KM 2WD MT,,1373 cm,2023,technologia hybrydowa,119 390
https://gratka.pl/motoryzacja/ford-transit-viii-kombi-350-l3h2-trend-a6-kombi-350-l3h2-trend-a6-150km/ob/30416933,Ford Transit VIII Kombi 350 L3H2 Trend A6 Kombi 350 L3H2 Trend A6 150KM,,1996 cm,2023,diesel,"226 318,77"
https://gratka.pl/motoryzacja/suzuki-sx4-s-cross-1-5-strong-hybrid-premium-ags-premium-1-5-hybrid-116km-2wd-ags/ob/30396425,Suzuki SX4 S-Cross 1.5 Strong Hybrid Premium AGS Premium 1.5 Hybrid 116KM 2WD AGS,,1462 cm,2023,technologia hybrydowa,132 390
https://gratka.pl/motoryzacja/hyundai-i30-ii-1-5-dpi-smart-smart-1-5-dpi-110km/ob/30425399,Hyundai i30 II 1.5 DPI Smart Smart 1.5 DPI 110KM,200,1498 cm,2022,benzyna,98 900
https://gratka.pl/motoryzacja/hyundai-i30-ii-1-5-dpi-smart-smart-1-5-dpi-110km-pakiet-led/ob/30425387,Hyundai i30 II 1.5 DPI Smart Smart 1.5 DPI 110KM |Pakiet LED|,200,1498 cm,2022,benzyna,98 100
https://gratka.pl/motoryzacja/kia-optima-iv-1-7-crdi-m-m-1-7-crdi-141km-czujniki-parkowania-tyl/ob/30416407,Kia Optima IV 1.7 CRDI M M 1.7 CRDI 141KM |Czujniki parkowania - tył|,155041,1685 cm,2017,diesel,56 400
https://gratka.pl/motoryzacja/kia-sportage-iv-1-6-gdi-m-2wd-m-1-6-gdi-132km-pakiet-smart/ob/30425271,Kia Sportage IV 1.6 GDI M 2WD M 1.6 GDI 132KM |Pakiet Smart|,43204,1591 cm,2021,benzyna,92 900
https://gratka.pl/motoryzacja/kia-cee-d-iii-m-1-5-160km-wersja-m-felgi-17-kamera/ob/30429293,Kia Cee'd III M 1.5 160KM Wersja M + Felgi 17! Kamera!,30320,1482 cm,2022,benzyna,96 990
https://gratka.pl/motoryzacja/suzuki-vitara-ii-1-4-boosterjet-premium-4wd-premium-1-4-boosterjet-129km-4wd-mt/ob/30429371,Suzuki Vitara II 1.4 Boosterjet Premium 4WD Premium 1.4 Boosterjet 129KM 4WD MT,,1373 cm,2023,technologia hybrydowa,113 390
https://gratka.pl/motoryzacja/kia-rio-iii-1-2-m-m-1-2-mpi-84km/ob/30425245,Kia Rio III 1.2 M M 1.2 MPI 84KM,62301,1248 cm,2020,benzyna,52 500
https://gratka.pl/motoryzacja/suzuki-sx4-s-cross-1-4-shvs-premium-premium-1-4-boosterjet-129km-2wd-mt/ob/30400737,Suzuki SX4 S-Cross 1.4 SHVS Premium Premium 1.4 Boosterjet 129KM 2WD MT,,1373 cm,2023,technologia hybrydowa,116 900
https://gratka.pl/motoryzacja/suzuki-sx4-s-cross-1-4-shvs-premium-4wd-premium-1-4-boosterjet-129km-4wd-mt/ob/30429451,Suzuki SX4 S-Cross 1.4 SHVS Premium 4WD Premium 1.4 Boosterjet 129KM 4WD MT,,1373 cm,2023,technologia hybrydowa,129 390
https://gratka.pl/motoryzacja/suzuki-vitara-ii-1-4-boosterjet-shvs-premium-4wd-premium-1-4-boosterjet-129km-4wd-mt/ob/30436309,Suzuki Vitara II 1.4 Boosterjet SHVS Premium 4WD Premium 1.4 Boosterjet 129KM 4WD MT,,1373 cm,2022,technologia hybrydowa,109 900
https://gratka.pl/motoryzacja/peugeot-rifter-active-s-s-active-s-s-130km/ob/30437071,Peugeot Rifter Active S&S Active S&S 130KM,,1499 cm,2023,diesel,"122 014,77"
https://gratka.pl/motoryzacja/peugeot-rifter-standard-l1h1-allure-s-s-n1-standard-l1h1-allure-s-s-n1-100km/ob/30437077,Peugeot Rifter Standard L1H1 Allure S&S N1 Standard L1H1 Allure S&S N1 100KM,,1499 cm,2023,diesel,"129 886,77"
https://gratka.pl/motoryzacja/ford-transit-connect-kombi-230-l2h1-trend-n1-kombi-230-l2h1-trend-n1-100km/ob/30437473,Ford Transit Connect Kombi 230 L2H1 Trend N1 Kombi 230 L2H1 Trend N1 100KM,,1498 cm,2023,diesel,"134 068,77"
https://gratka.pl/motoryzacja/suzuki-vitara-ii-1-4-boosterjet-shvs-premium-4wd-premium-1-4-boosterjet-129km-4wd-mt/ob/30436453,Suzuki Vitara II 1.4 Boosterjet SHVS Premium 4WD Premium 1.4 Boosterjet 129KM 4WD MT,,1373 cm,2022,technologia hybrydowa,108 390
https://gratka.pl/motoryzacja/ford-transit-connect-kombi-230-l2h1-trend-n1-kombi-230-l2h1-trend-n1-100km/ob/30437627,Ford Transit Connect Kombi 230 L2H1 Trend N1 Kombi 230 L2H1 Trend N1 100KM,,1498 cm,2023,diesel,"132 223,77"
https://gratka.pl/motoryzacja/suzuki-sx4-s-cross-1-5-strong-hybrid-elegance-ags-elegance-1-5-hybrid-116km-2wd-ags/ob/30437159,Suzuki SX4 S-Cross 1.5 Strong Hybrid Elegance AGS Elegance 1.5 Hybrid 116KM 2WD AGS,,1462 cm,2022,technologia hybrydowa,134 390
https://gratka.pl/motoryzacja/ford-tourneo-connect-ii-titanium-podgrzewane-przednie-fotele-klimatyzacja-tempomat/ob/30438139,Ford Tourneo Connect II Titanium Podgrzewane przednie fotele !! Klimatyzacja !! Tempomat !!,,1968 cm,2023,diesel,"147 475,77"
https://gratka.pl/motoryzacja/ford-tourneo-connect-ii-grand-titanium-navi-tempomat-kamera-cofania-adaptacyjne-ref/ob/30438133,Ford Tourneo Connect II Grand Titanium Navi !! Tempomat !! Kamera Cofania !! Adaptacyjne ref,,1498 cm,2023,diesel,"164 080,77"
https://gratka.pl/motoryzacja/opel-vivaro-iii-e-kombi-extra-long-l2h1-opel-vivaro/ob/30438183,Opel Vivaro III -e Kombi Extra Long L2H1 OPEL Vivaro,,,2022,napęd elektryczny,"233 944,77"
https://gratka.pl/motoryzacja/ford-tourneo-connect-ii-titanium-radio-10-kamera-cofania-tempomat-dach-panoramiczn/ob/30438151,"Ford Tourneo Connect II Titanium Radio 10"" !! Kamera Cofania !! Tempomat !! Dach Panoramiczn",,1968 cm,2023,diesel,"164 080,77"
https://gratka.pl/motoryzacja/ford-tourneo-l2h1-active-active-park-assist-inteligentny-tempomat-kamera-co/ob/30438153,Ford Tourneo L2H1 Active Active Park Assist !! Inteligentny Tempomat !! Kamera Co,,1996 cm,2022,diesel,"266 416,77"
https://gratka.pl/motoryzacja/ford-tourneo-connect-ii-grand-active-a7-grand-active-a7-122km/ob/30438169,Ford Tourneo Connect II Grand Active A7 Grand Active A7 122KM,,1968 cm,2023,diesel,"173 428,77"
https://gratka.pl/motoryzacja/toyota-style-1-0-vvt-i-72km/ob/30441093,Toyota Style 1.0 VVT-i 72KM,,998 cm,2022,benzyna,78 590
https://gratka.pl/motoryzacja/kia-cee-d-iii-ceed-1-5-t-gdi-m-m-1-5-t-dgi-160km-kamera-cofania/ob/30488677,Kia Cee'd III Ceed 1.5 T-GDI M M 1.5 T-DGI 160KM |Kamera cofania|,38205,1482 cm,2022,benzyna,96 990
https://gratka.pl/motoryzacja/suzuki-vitara-ii-1-4-boosterjet-shvs-premium-2wd-premium-1-4-boosterjet-129km-2wd-mt/ob/30486179,Suzuki Vitara II 1.4 Boosterjet SHVS Premium 2WD Premium 1.4 Boosterjet 129KM 2WD MT,14000,1373 cm,2022,technologia hybrydowa,89 900
https://gratka.pl/motoryzacja/renault-trafic-iii-kombi-l2h1-equilibre-edc-kombi-l2h1-equilibre-edc-150km/ob/30492185,Renault Trafic III Kombi L2H1 Equilibre EDC Kombi L2H1 Equilibre EDC 150KM,,1997 cm,2023,diesel,"223 858,77"
https://gratka.pl/motoryzacja/ford-tourneo-connect-ii-grand-titanium-grand-titanium-122km/ob/30500601,Ford Tourneo Connect II Grand Titanium Grand Titanium 122KM,,1968 cm,2023,diesel,"162 358,77"
https://gratka.pl/motoryzacja/seat-arona-fr-1-5-tsi-fr-1-5-tsi-150km-dsg-system-naglosnienia-beats-wirtualny/ob/30501051,SEAT Arona FR 1.5 TSI FR 1.5 TSI 150KM DSG |System nagłośnienia Beats|Wirtualny,8622,1498 cm,2022,benzyna,128 500
https://gratka.pl/motoryzacja/opel-combo-iv-life-edition-plus-kamera-cofania-wyswietlacz-8-klimatyzacja-m/ob/30438209,"Opel Combo IV Life Edition Plus Kamera Cofania !! Wyświetlacz 8"" !! Klimatyzacja M",,1499 cm,2022,diesel,"121 891,77"
https://gratka.pl/motoryzacja/seat-arona-1-0-tsi-style-s-s-style-1-0-tsi-115km-czujniki-parkowania-tyl/ob/30512599,SEAT Arona 1.0 TSI Style S&S Style 1.0 TSI 115KM |Czujniki parkowania - tył|,106377,999 cm,2017,benzyna,64 990
https://gratka.pl/motoryzacja/suzuki-premium-plus-cvt-premium-plus-cvt-1-8-hybrid-122km/ob/30512955,Suzuki Premium Plus CVT Premium Plus CVT 1.8 Hybrid 122KM,12550,1798 cm,2022,technologia hybrydowa,116 900
https://gratka.pl/motoryzacja/hyundai-i30-ii-1-5-dpi-classic-classic-1-5-dpi-110km-pakiet-drive/ob/30513471,Hyundai i30 II 1.5 DPI Classic + Classic + 1.5 DPI 110KM |Pakiet Drive|,46042,1498 cm,2021,benzyna,64 900
https://gratka.pl/motoryzacja/toyota-yaris-iii-selection-style-1-5-hybrid-116km-i-pakiet-smart/ob/30532145,Toyota Yaris III Selection Style 1.5 Hybrid 116KM I Pakiet Smart!,,1497 cm,2023,technologia hybrydowa,112 400
https://gratka.pl/motoryzacja/volkswagen-multivan-6-1-l1-comfortline-dsg-6-1-l1-comfortline-dsg-204km/ob/30532429,Volkswagen Multivan 6.1 L1 Comfortline DSG 6.1 L1 Comfortline DSG 204KM,,1968 cm,2023,diesel,"356 944,77"
https://gratka.pl/motoryzacja/peugeot-rifter-standard-allure-pack-s-s-standard-allure-pack-s-s-130km/ob/30503491,Peugeot Rifter Standard Allure Pack S&S Standard Allure Pack S&S 130KM,,1499 cm,2022,diesel,"135 298,77"
https://gratka.pl/motoryzacja/mercedes-benz-citan-tourer-113-podgrzewane-fotele-przod-klimatyzacja-czujnik-parko/ob/30516313,Mercedes-Benz Citan Tourer 113 Podgrzewane Fotele Przód !! Klimatyzacja !! Czujnik Parko,,1332 cm,2022,benzyna,"155 962,77"
https://gratka.pl/motoryzacja/suzuki-vitara-ii-1-5-strong-hybrid-premium-2wd-ags-premium-1-5-hybrid-116km-2wd-ags/ob/30550713,Suzuki Vitara II 1.5 Strong Hybrid Premium 2WD AGS Premium 1.5 Hybrid 116KM 2WD AGS,,1462 cm,2023,technologia hybrydowa,113 390
https://gratka.pl/motoryzacja/suzuki-vitara-ii-1-4-boosterjet-shvs-premium-2wd-premium-1-4-boosterjet-129km-2wd-mt/ob/30550927,Suzuki Vitara II 1.4 Boosterjet SHVS Premium 2WD Premium 1.4 Boosterjet 129KM 2WD MT,,1373 cm,2023,technologia hybrydowa,101 390
https://gratka.pl/motoryzacja/suzuki-vitara-ii-1-4-boosterjet-shvs-premium-2wd-premium-1-4-boosterjet-129km-2wd-mt/ob/30551085,Suzuki Vitara II 1.4 Boosterjet SHVS Premium 2WD Premium 1.4 Boosterjet 129KM 2WD MT,10500,1373 cm,2022,technologia hybrydowa,87 900
https://gratka.pl/motoryzacja/audi-q7-ii-45-tdi-quattro-s-line-3-0-45-tdi-quattro-231km-s-line-pakiet-tec/ob/30630973,Audi Q7 II 45 TDI quattro S Line 3.0 45 TDI quattro (231KM) S Line | Pakiet Tec,,2967 cm,2023,diesel,318 000
https://gratka.pl/motoryzacja/audi-e-tron-q8-advanced-50-quattro-q8-advanced-50-quattro-pakiet-comfort-pa/ob/30631001,Audi e-tron Q8 Advanced 50 quattro Q8 Advanced 50 quattro | Pakiet Comfort + Pa,,,2023,napęd elektryczny,406 100
https://gratka.pl/motoryzacja/audi-q7-ii-45-tdi-quattro-s-line-45-tdi-quattro-s-line-3-0-231km/ob/30631137,Audi Q7 II 45 TDI Quattro S Line 45 TDI Quattro S Line 3.0 (231KM),,2967 cm,2023,diesel,309 400
https://gratka.pl/motoryzacja/audi-a4-8w-limousine-40-tdi-quattro-s-line-2-0-40-tdi-quattro-s-line-204km/ob/30631141,Audi A4 8W Limousine 40 TDI quattro S Line 2.0 40 TDI quattro S Line (204KM) |,,1968 cm,2023,diesel,211 300
https://gratka.pl/motoryzacja/audi-q5-iii-s-line-2-0-40-tdi-quattro-204km-s-tronic-pakiet-comfort-techno/ob/30631155,Audi Q5 III S Line 2.0 40 TDI Quattro (204KM) S tronic | Pakiet Comfort + Techno,,1968 cm,2023,diesel,273 800
https://gratka.pl/motoryzacja/audi-a3-iii-advanced-40-tfsi-quattro-s-tronic-advanced-40-tfsi-quattro-2-0-pak/ob/30631159,Audi A3 III Advanced 40 TFSI Quattro S tronic Advanced 40 TFSI Quattro 2.0 | Pak,,1984 cm,2023,benzyna,181 300
https://gratka.pl/motoryzacja/audi-a4-8w-s-line-s-tronic-2-0-35-tfsi-150km-pakiet-comfort/ob/30631745,Audi A4 8W S Line S tronic 2.0 35 TFSI (150KM) | Pakiet Comfort,,1984 cm,2023,benzyna,165 200
https://gratka.pl/motoryzacja/audi-s-line-204km-pakiet-comfort/ob/30633897,Audi S Line (204KM) | Pakiet Comfort,,,2023,napęd elektryczny,331 070
https://gratka.pl/motoryzacja/audi-q7-ii-45-tdi-quattro-s-line-3-0-5-tdi-quattro-s-line-231km-pakiet-com/ob/30631747,Audi Q7 II 45 TDI quattro S Line 3.0 5 TDI quattro S Line (231KM) | Pakiet Com,,2967 cm,2023,diesel,338 600
https://gratka.pl/motoryzacja/audi-q7-ii-50-tdi-quattro-50-tdi-quattro-3-0-286km/ob/30631313,Audi Q7 II 50 TDI quattro 50 TDI quattro 3.0 (286KM),,2967 cm,2023,diesel,314 800
https://gratka.pl/motoryzacja/mercedes-benz-klasa-a-w177-a-200-amg-line-1-3-200-amg-line-163km-pakiet-amg-advanced-plus/ob/30631475,Mercedes-Benz Klasa A W177 A 200 AMG Line 1.3 200 AMG Line (163KM) | Pakiet AMG Advanced Plus,,1332 cm,2023,benzyna,175 500
https://gratka.pl/motoryzacja/audi-q8-sq8-4-0-tfsi-quattro-tiptronic-507km-pakiet-comfort/ob/30631657,Audi Q8 SQ8 4.0 TFSI Quattro Tiptronic (507KM) | Pakiet Comfort,,3996 cm,2023,benzyna,540 300
https://gratka.pl/motoryzacja/mercedes-benz-200-d-business-edition-c-klasa-200-d-business-edition-2-0-163km/ob/30633885,Mercedes-Benz 200 d Business Edition C Klasa 200 d Business Edition 2.0 (163KM),,1993 cm,2023,diesel,243 000
https://gratka.pl/motoryzacja/mercedes-benz-kombi-2-0-200-4-matic-204km-pakiet-wyposazenia-z-linia-amg/ob/30633899,Mercedes-Benz Kombi 2.0 200 4-Matic (204KM) | Pakiet wyposażenia z linią AMG,,1496 cm,2023,benzyna,289 200
https://gratka.pl/motoryzacja/audi-a4-8w-rs4-quattro-avant-2-9-450km-pakiet-competition/ob/30634059,Audi A4 8W RS4 quattro Avant 2.9 (450KM) | Pakiet Competition,,2894 cm,2023,benzyna,458 300
https://gratka.pl/motoryzacja/audi-q7-ii-45-tdi-quattro-s-line-3-0-45-tdi-quattro-s-line-231km-pakiet-com/ob/30633141,Audi Q7 II 45 TDI quattro S Line 3.0 45 TDI quattro S Line (231KM) | Pakiet Com,,2967 cm,2023,diesel,318 400
https://gratka.pl/motoryzacja/audi-a7-iii-45-tfsi-quattro-2-0-265km-pakiet-s-line/ob/30634067,Audi A7 III 45 TFSI Quattro 2.0 (265KM) | Pakiet S line,,1984 cm,2023,benzyna,329 400
https://gratka.pl/motoryzacja/audi-e-tron-50-quattro-s-line-e-tron-50-quattro-s-line-pakiet-transport/ob/30634073,Audi e-tron 50 Quattro S Line e-tron 50 Quattro S Line | Pakiet Transport,,,2023,napęd elektryczny,358 100
https://gratka.pl/motoryzacja/mercedes-benz-klasa-a-w177-amg-line-1-3-200-163km-amg-line-dach-panoramiczny-multibeam-le/ob/30634075,Mercedes-Benz Klasa A W177 AMG Line 1.3 200 (163KM) AMG Line | Dach panoramiczny + MULTIBEAM LE,,1332 cm,2023,benzyna,181 800
https://gratka.pl/motoryzacja/mercedes-benz-klasa-c-w205-220d-4-matic-amg-line-2-0-200km-pakiet-wyposazenia-premium-plus/ob/30634081,Mercedes-Benz Klasa C W205 220d 4-Matic AMG Line 2.0 (200KM) | Pakiet wyposażenia Premium Plus,,1993 cm,2023,diesel,255 100
https://gratka.pl/motoryzacja/audi-q7-ii-45-tdi-quattro-s-line-3-0-231km-pakiet-comfort/ob/30634089,Audi Q7 II 45 TDI Quattro S Line 3.0 (231KM) | Pakiet Comfort,,2967 cm,2023,diesel,309 400
https://gratka.pl/motoryzacja/audi-a5-iv-sportback-s-line/ob/30633901,Audi A5 IV Sportback S Line,,1984 cm,2023,benzyna,290 700
https://gratka.pl/motoryzacja/audi-q5-iii-40-tfsi-quattro-s-line-sportback-2-0-40-tfsi-quattro-s-line-204km/ob/30634111,Audi Q5 III 40 TFSI Quattro S Line Sportback 2.0 40 TFSI Quattro S Line (204KM),,1984 cm,2023,benzyna,233 800
https://gratka.pl/motoryzacja/audi-a3-iii-rs3-quattro-saloon-2-5-400km-pakiet-promocyjny-superior/ob/30634091,Audi A3 III RS3 quattro Saloon 2.5 (400KM) | Pakiet promocyjny Superior,,2480 cm,2023,benzyna,335 900
https://gratka.pl/motoryzacja/audi-q5-iii-45-tfsi-quattro-s-line-45-tfsi-quattro-s-line-2-0-265km/ob/30634157,Audi Q5 III 45 TFSI Quattro S Line 45 TFSI Quattro S Line 2.0 (265KM),,1984 cm,2023,benzyna,318 400
https://gratka.pl/motoryzacja/mercedes-benz-220-4-matic-amg-line-2-0-190km-pakiet-premium-plus/ob/30634125,Mercedes-Benz 220 4-Matic AMG Line 2.0 (190KM) | Pakiet Premium Plus,,1991 cm,2023,benzyna,212 500
https://gratka.pl/motoryzacja/audi-q5-iii-45-tfsi-quattro-s-line-45-tfsi-quattro-s-line-2-0-265km/ob/30634127,Audi Q5 III 45 TFSI Quattro S Line 45 TFSI Quattro S Line 2.0 (265KM),,1984 cm,2023,benzyna,302 300
https://gratka.pl/motoryzacja/audi-a6-v-c8-rs6-tfsi-quattro-3-0-600km-pakiet-rs-dynamic/ob/30634139,Audi A6 V (C8) RS6 TFSI Quattro 3.0 (600KM) | Pakiet RS Dynamic,,3996 cm,2023,benzyna,700 700
https://gratka.pl/motoryzacja/audi-q7-ii-45-tdi-quattro-s-line-3-0-45-tdi-quattro-s-line-231km-pakiet-tec/ob/30634143,Audi Q7 II 45 TDI Quattro S Line 3.0 45 TDI Quattro S Line (231KM) | Pakiet Tec,,2967 cm,2023,diesel,331 500
https://gratka.pl/motoryzacja/audi-a4-8w-avant-s-line-2-0-45-tfsi-quattro-s-tronic-265km-pakiet-comfort/ob/30634289,Audi A4 8W Avant S Line 2.0 45 TFSI Quattro S tronic (265KM) | Pakiet Comfort +,,1984 cm,2023,benzyna,264 500
https://gratka.pl/motoryzacja/mercedes-benz-klasa-gle-w167-coupe-300-d-4-matic-advanced-300-d-4-matic-advanced-2-0-272km/ob/30634331,Mercedes-Benz Klasa GLE W167 Coupe 300 d 4-Matic Advanced 300 d 4-Matic Advanced 2.0 (272KM),,1993 cm,2023,diesel,392 300
https://gratka.pl/motoryzacja/mercedes-benz-klasa-a-w177-220-4-matic-amg-line-220-4-matic-amg-line-2-0-190km/ob/30634495,Mercedes-Benz Klasa A W177 220 4-Matic AMG Line 220 4-Matic AMG Line 2.0 (190KM),,1991 cm,2023,benzyna,203 600
https://gratka.pl/motoryzacja/hyundai-ioniq-hybrid-premium-premium-1-6-gdi-hev-141km-6dct/ob/30634869,Hyundai Ioniq hybrid Premium Premium 1.6 GDi HEV 141KM 6DCT,10186,1580 cm,2021,technologia hybrydowa,118 900
https://gratka.pl/motoryzacja/hyundai-i30-ii-1-5-dpi-classic-classic-1-5-110km-czujniki-parkowania-tyl-tempo/ob/30641747,Hyundai i30 II 1.5 DPI Classic + Classic + 1.5 110KM |Czujniki parkowania tył|Tempo,22028,1498 cm,2021,benzyna,67 990
https://gratka.pl/motoryzacja/mercedes-benz-450-4-matic-450-4-matic-3-0-367km/ob/30645845,Mercedes-Benz 450 4-Matic 450 4-Matic 3.0 (367KM),,2999 cm,2023,benzyna,424 300
https://gratka.pl/motoryzacja/mercedes-benz-klasa-e-220-d-4-matic-2-0-220-d-4-matic-194km-pakiet-wyposazenia-premium/ob/30646517,Mercedes-Benz Klasa E 220 d 4-Matic 2.0 220 d 4-Matic (194KM) | Pakiet wyposażenia Premium,,1993 cm,2023,diesel,266 000
https://gratka.pl/motoryzacja/volkswagen-caddy-iii-life-life-102km/ob/30645617,Volkswagen Caddy III Life Life 102KM,18000,1968 cm,2022,diesel,"146 368,77"
https://gratka.pl/motoryzacja/mercedes-benz-250-4-matic-progressive-glb-250-4-matic-progressive-2-0-224km/ob/30649431,Mercedes-Benz 250 4-Matic Progressive GLB 250 4-Matic Progressive 2.0 (224KM),,1991 cm,2023,benzyna,229 000
https://gratka.pl/motoryzacja/mercedes-benz-coupe-300-d-4-matic-advanced-plus-2-0-coupe-300-d-4-matic-advanced-p/ob/30647789,Mercedes-Benz Coupe 300 d 4-Matic Advanced Plus 2.0 Coupe 300 d 4-Matic Advanced P,,1993 cm,2023,diesel,440 000
https://gratka.pl/motoryzacja/mercedes-benz-coupe-300-d-4-matic-premium-2-0-coupe-300-d-4-matic-premium-269km/ob/30646799,Mercedes-Benz Coupe 300 d 4-Matic Premium 2.0 Coupe 300 d 4-Matic Premium (269KM),,1993 cm,2023,diesel,470 900
https://gratka.pl/motoryzacja/mercedes-benz-klasa-gle-w167-coupe-300-d-4-matic-amg-line-2-0-coupe-300-d-4-matic-amg-line-269km/ob/30650921,Mercedes-Benz Klasa GLE W167 Coupe 300 d 4-Matic AMG Line 2.0 Coupe 300 d 4-Matic AMG Line (269KM,,1993 cm,2023,diesel,460 700
https://gratka.pl/motoryzacja/audi-q7-ii-45-tdi-quattro-s-line-3-0-231km-pakiet-comfort/ob/30651383,Audi Q7 II 45 TDI quattro S Line 3.0 (231KM) | Pakiet Comfort,,2967 cm,2023,diesel,319 100
https://gratka.pl/motoryzacja/mercedes-benz-coupe-300-d-4-matic-amg-line-2-0-269km-pakiet-amg-premium/ob/30650779,Mercedes-Benz Coupe 300 d 4-Matic AMG Line 2.0 (269KM) | Pakiet AMG Premium,,1993 cm,2023,diesel,464 100
https://gratka.pl/motoryzacja/mercedes-benz-220-d-4-matic-style-2-0-220-d-4-matic-style-190km-pakiet-wyposaz/ob/30659255,Mercedes-Benz 220 d 4-Matic Style 2.0 220 d 4-Matic Style (190KM) | Pakiet Wyposaż,,1950 cm,2023,diesel,236 300
https://gratka.pl/motoryzacja/renault-clio-iv-0-9-tce-clio-0-9-tce-90km/ob/30649673,Renault Clio IV 0.9 TCe Clio 0.9 TCe 90KM,45725,898 cm,2016,benzyna,39 990
https://gratka.pl/motoryzacja/ford-transit-connect-kombi-220-l1-trend-tempomat-tylne-czujniki-parkowania-poduszka/ob/30662043,Ford Transit Connect Kombi 220 L1 Trend Tempomat !! Tylne Czujniki Parkowania !! Poduszka,,1498 cm,2022,diesel,"130 009,77"
https://gratka.pl/motoryzacja/mercedes-benz-klasa-glb-200-progressive-1-4-glb-200-progressive-163km-pakiet-wyposazeni/ob/30660061,Mercedes-Benz Klasa GLB 200 Progressive 1.4 GLB 200 Progressive (163KM) | Pakiet wyposażeni,,1332 cm,2023,benzyna,208 800
https://gratka.pl/motoryzacja/mercedes-benz-200-4-matic-style-1-3-163km-pakiet-integracyjny-smartphone/ob/30659905,Mercedes-Benz 200 4-Matic Style 1.3 (163KM) | Pakiet integracyjny smartphone,,1332 cm,2023,benzyna,215 200
https://gratka.pl/motoryzacja/ford-tourneo-320-l2-titanium-inteligentny-tempomat-kamera-cofania-podgrzewa/ob/30663979,Ford Tourneo 320 L2 Titanium Inteligentny Tempomat !! Kamera Cofania !! Podgrzewa,,1996 cm,2023,diesel,"259 528,77"
https://gratka.pl/motoryzacja/ford-tourneo-320-l2-titanium-nawigacja-kamera-cofania-active-park-assist/ob/30663989,Ford Tourneo 320 L2 Titanium Nawigacja !! Kamera Cofania !! Active Park Assist !,,1996 cm,2023,diesel,"273 304,77"
https://gratka.pl/motoryzacja/ford-transit-viii-kombi-350-l3h2-trend-a6-kombi-350-l3h2-trend-a6-130km/ob/30663995,Ford Transit VIII Kombi 350 L3H2 Trend A6 Kombi 350 L3H2 Trend A6 130KM,,1996 cm,2023,diesel,"223 858,77"
https://gratka.pl/motoryzacja/ford-transit-custom-kombi-320-l2h1-trend-klimatyzacja-w-tylnej-czesci-alarm-obwodowy/ob/30662999,Ford Transit Custom Kombi 320 L2H1 Trend Klimatyzacja w tylnej części !! Alarm obwodowy,,1996 cm,2023,diesel,"190 033,77"
https://gratka.pl/motoryzacja/ford-320-l2-titanium-reflektory-ksenonowe-hak-kamera-cofania-rad/ob/30663993,Ford 320 L2 Titanium Reflektory ksenonowe !! Hak !! Kamera Cofania !! Rad,,1996 cm,2023,diesel,"249 319,77"
https://gratka.pl/motoryzacja/ford-tourneo-connect-ii-grand-active-a7-grand-active-a7-122km/ob/30664007,Ford Tourneo Connect II Grand Active A7 Grand Active A7 122KM,,1968 cm,2023,diesel,"169 738,77"
https://gratka.pl/motoryzacja/ford-tourneo-connect-ii-grand-active-a7-grand-active-a7-122km/ob/30664011,Ford Tourneo Connect II Grand Active A7 Grand Active A7 122KM,,1968 cm,2023,diesel,"167 278,77"
https://gratka.pl/motoryzacja/ford-tourneo-connect-ii-grand-active-a7-grand-active-a7-122km/ob/30664015,Ford Tourneo Connect II Grand Active A7 Grand Active A7 122KM,,1968 cm,2023,diesel,"169 738,77"
https://gratka.pl/motoryzacja/ford-ranger-iii-raptor-4x4-a10-4x4-a10-288km/ob/30664041,Ford Ranger III Raptor 4x4 A10 4x4 A10 288KM,,2999 cm,2022,benzyna,"356 698,77"
https://gratka.pl/motoryzacja/toyota-proace-standard-l1h1-family-standard-l1h1-family-130km/ob/30664545,Toyota ProAce Standard L1H1 Family Standard L1H1 Family 130KM,,1499 cm,2022,diesel,"169 492,77"
https://gratka.pl/motoryzacja/opel-combo-iv-life-xl-elegance-podgrzewane-fotele-przod-klimatyzacja-dwustrefow/ob/30664161,Opel Combo IV Life XL Elegance Podgrzewane Fotele Przód !! Klimatyzacja Dwustrefow,,1199 cm,2022,benzyna,"140 833,77"
https://gratka.pl/motoryzacja/volvo-xc40-b3-plus-dark-2-0-xc40-b3-plus-dark-163km-driver-assist/ob/30713415,Volvo XC40 B3 Plus Dark 2.0 XC40 B3 Plus Dark (163KM) | Driver assist,,1969 cm,2023,benzyna,201 500
https://gratka.pl/motoryzacja/toyota-corolla-xii-comfort-comfort-1-5-vvt-i-125km/ob/30713723,Toyota Corolla XII Comfort Comfort 1.5 VVT-i 125KM,,1490 cm,2022,benzyna,108 400
https://gratka.pl/motoryzacja/audi-a6-v-c8-40-tdi-quattro-sport-2-0-204km-pakiet-comfort-pakiet-technolog/ob/30664523,Audi A6 V (C8) 40 TDI quattro Sport 2.0 (204KM) | Pakiet Comfort + Pakiet Technolog,,1968 cm,2023,diesel,235 500
https://gratka.pl/motoryzacja/toyota-corolla-xii-comfort-comfort-1-5-vvt-i-125km/ob/30713549,Toyota Corolla XII Comfort Comfort 1.5 VVT-i 125KM,,1490 cm,2022,benzyna,108 400
https://gratka.pl/motoryzacja/toyota-corolla-xii-comfort-comfort-1-5-vvt-i-125km/ob/30713535,Toyota Corolla XII Comfort Comfort 1.5 VVT-i 125KM,,1490 cm,2022,benzyna,101 590
https://gratka.pl/motoryzacja/toyota-corolla-xii-comfort-comfort-1-5-vvt-i-125km/ob/30713521,Toyota Corolla XII Comfort Comfort 1.5 VVT-i 125KM,,1490 cm,2022,benzyna,101 900
https://gratka.pl/motoryzacja/toyota-yaris-iii-comfort-cvt-cvt-1-5-benzyna-125km/ob/30713783,Toyota Yaris III Comfort CVT CVT 1.5 Benzyna 125KM,,1496 cm,2023,benzyna,96 300
https://gratka.pl/motoryzacja/toyota-aygo-ii-1-0-vvt-i-style-cvt-1-0-vvt-i-style-cvt-automat-72km/ob/30714437,Toyota Aygo II 1.0 VVT-i Style CVT 1.0 VVT-i Style CVT Automat(72KM),,998 cm,2023,benzyna,79 900
https://gratka.pl/motoryzacja/toyota-yaris-iii-comfort-cvt-cvt-1-5-benzyna-125km/ob/30713799,Toyota Yaris III Comfort CVT CVT 1.5 Benzyna 125KM,,1496 cm,2023,benzyna,95 400
https://gratka.pl/motoryzacja/toyota-yaris-iii-comfort-cvt-comfort-cvt-1-5-benzyna-125km/ob/30713817,Toyota Yaris III Comfort CVT Comfort CVT 1.5 Benzyna 125KM,,1496 cm,2023,benzyna,95 400
https://gratka.pl/motoryzacja/toyota-1-0-vvt-i-style-1-0-vvt-i-style-72km/ob/30714485,Toyota 1.0 VVT-i Style 1.0 VVT-i Style 72KM,,998 cm,2023,benzyna,74 900
https://gratka.pl/motoryzacja/toyota-yaris-iii-hybrid-1-5-comfort-1-5-comfort-116km-i-pakiet-bussines/ob/30713989,Toyota Yaris III Hybrid 1.5 Comfort 1.5 Comfort 116KM I Pakiet Bussines!,,1497 cm,2023,technologia hybrydowa,103 260
https://gratka.pl/motoryzacja/toyota-1-0-vvt-i-undercover-1-0-vvt-i-undercover-72km/ob/30714407,Toyota 1.0 VVT-i Undercover 1.0 VVT-i Undercover 72KM,,998 cm,2023,benzyna,89 900
https://gratka.pl/motoryzacja/toyota-aygo-ii-1-0-vvt-i-style-cvt-1-0-vvt-i-style-cvt-automat-72km/ob/30714453,Toyota Aygo II 1.0 VVT-i Style CVT 1.0 VVT-i Style CVT Automat(72KM),,998 cm,2023,benzyna,79 900
https://gratka.pl/motoryzacja/toyota-aygo-ii-1-0-vvt-i-style-cvt-1-0-vvt-i-style-cvt-automat-72km/ob/30714479,Toyota Aygo II 1.0 VVT-i Style CVT 1.0 VVT-i Style CVT Automat(72KM),,998 cm,2023,benzyna,79 900
https://gratka.pl/motoryzacja/toyota-aygo-ii-1-0-vvt-i-undercover-1-0-vvt-i-undercover-72km/ob/30714513,Toyota Aygo II 1.0 VVT-i Undercover 1.0 VVT-i Undercover 72KM,,998 cm,2023,benzyna,87 900
https://gratka.pl/motoryzacja/toyota-yaris-iii-hybrid-1-5-comfort-1-5-comfort-116km/ob/30714751,Toyota Yaris III Hybrid 1.5 Comfort 1.5 Comfort 116KM,,1497 cm,2023,technologia hybrydowa,103 500
https://gratka.pl/motoryzacja/toyota-yaris-iii-comfort-1-5-hybrid-116km/ob/30714769,Toyota Yaris III Comfort 1.5 Hybrid 116KM,,1497 cm,2022,technologia hybrydowa,93 500
https://gratka.pl/motoryzacja/toyota-corolla-xii-1-2-t-active-1-2-t-active-116km/ob/30715011,Toyota Corolla XII 1.2 T Active 1.2 T Active 116KM,,1197 cm,2022,benzyna,96 600
https://gratka.pl/motoryzacja/toyota-aygo-ii-1-0-vvt-i-style-x-1-0-vvt-i-style-benzyna-72km/ob/30714495,Toyota Aygo II 1.0 VVT-i Style X 1.0 VVT-i Style Benzyna (72KM),,998 cm,2023,benzyna,79 900
https://gratka.pl/motoryzacja/toyota-corolla-xii-1-5-comfort-1-5-comfort-benzyna-125km/ob/30715047,Toyota Corolla XII 1.5 Comfort 1.5 Comfort Benzyna(125KM),,1490 cm,2022,benzyna,95 400
https://gratka.pl/motoryzacja/toyota-aygo-ii-1-0-vvt-i-executive-cvt-1-0-vvt-i-executive-cvt-72km/ob/30714971,Toyota Aygo II 1.0 VVT-i Executive CVT 1.0 VVT-i Executive CVT 72KM,3151,998 cm,2022,benzyna,86 900
https://gratka.pl/motoryzacja/cupra-1-5-etsi-dsg-1-5-etsi-dsg-150km-comfort-matrix-led/ob/30715085,Cupra 1.5 eTSI DSG 1.5 eTSI DSG 150KM | Comfort + | Matrix LED |,,1498 cm,2023,benzyna,163 482
https://gratka.pl/motoryzacja/cupra-1-5-tsi-dsg-1-5-tsi-dsg-150km-comfort/ob/30715155,Cupra 1.5 TSI DSG 1.5 TSI DSG 150KM | Comfort + |,,1498 cm,2023,benzyna,157 000
https://gratka.pl/motoryzacja/cupra-1-5-tsi-formentor-1-5-tsi-150km-dsg-comfort-navi-system/ob/30715115,Cupra 1.5 TSI Formentor 1.5 TSI 150KM DSG | Comfort + | navi System + |,,1498 cm,2023,benzyna,176 124
https://gratka.pl/motoryzacja/audi-a4-8w-35-tfsi-2-0-35-tfsi-150km-pakiet-comfort/ob/30715151,Audi A4 8W 35 TFSI 2.0 35 TFSI (150KM) | Pakiet Comfort,,1984 cm,2023,benzyna,180 585
https://gratka.pl/motoryzacja/mazda-3-3-d-mhev-homura-aut-homura-3-3-200km-mhev-at/ob/30715149,Mazda 3.3 D mHEV Homura aut Homura 3.3 200KM mHEV AT,,3283 cm,2022,diesel,271 500
https://gratka.pl/motoryzacja/mazda-2-iv-1-5-hybrid-agile-cvt-agile-1-5-hybrid-116km-cvt/ob/30715203,Mazda 2 IV 1.5 Hybrid Agile CVT Agile 1.5 Hybrid 116KM CVT,,1490 cm,2022,technologia hybrydowa,105 800
https://gratka.pl/motoryzacja/mazda-cx-30-2-0-mhev-kanjo-awd-kanjo-2-0-150km-mt-awd/ob/30715119,Mazda CX-30 2.0 mHEV Kanjo AWD Kanjo 2.0 150KM MT AWD,,1998 cm,2022,benzyna,150 000
https://gratka.pl/motoryzacja/mazda-2-5-phev-takumi-awd-aut-takumi-2-5-phev-327km-awd-at/ob/30715125,Mazda 2.5 PHEV Takumi AWD aut Takumi 2.5 PHEV 327KM AWD AT,,2488 cm,2022,technologia hybrydowa,304 600
https://gratka.pl/motoryzacja/mazda-3-3-d-mhev-takumi-aut-takumi-3-3-254km-mhev-at/ob/30715165,Mazda 3.3 D mHEV Takumi aut Takumi 3.3 254KM mHEV AT,,3283 cm,2023,diesel,287 700
https://gratka.pl/motoryzacja/cupra-vz-formentor-vz-2-0-tsi-310km-4drive-dsg/ob/30715301,Cupra VZ Formentor VZ 2.0 TSI 310KM 4Drive DSG,,1984 cm,2023,benzyna,257 595
https://gratka.pl/motoryzacja/mazda-2-5-phev-homura-awd-aut-homura-2-5-phev-327km-awd-at/ob/30715139,Mazda 2.5 PHEV Homura AWD aut Homura 2.5 PHEV 327KM AWD AT,,2488 cm,2022,technologia hybrydowa,303 500
https://gratka.pl/motoryzacja/mazda-3-iii-2-0-mhev-enso-enso-2-0-mhev-186km-mt/ob/30715195,Mazda 3 III 2.0 mHEV Enso Enso 2.0 mHEV 186KM MT,,1998 cm,2022,benzyna,155 400
https://gratka.pl/motoryzacja/cupra-leon-1-5-etsi-150km-dsg/ob/30715365,Cupra Leon 1.5 eTSI 150KM DSG,,1498 cm,2023,benzyna,173 600
https://gratka.pl/motoryzacja/cupra-58kwh-e-boost-born-58kwh-e-boost-231km/ob/30715325,Cupra 58kWh E-Boost Born 58kWh E-Boost 231KM,,,2023,napęd elektryczny,219 900
https://gratka.pl/motoryzacja/cupra-leon-1-5-etsi-150km-dsg/ob/30715347,Cupra Leon 1.5 eTSI 150KM DSG,,1498 cm,2023,benzyna,165 000
https://gratka.pl/motoryzacja/cupra-2-0-tsi-vz-dsg-2-0-tsi-245km-vz-dsg/ob/30715399,Cupra 2.0 TSI VZ DSG 2.0 TSI 245km VZ DSG,,1984 cm,2023,benzyna,223 795
https://gratka.pl/motoryzacja/cupra-vz-formentor-vz-2-0-tsi-310km-dsg-4drive/ob/30715377,Cupra VZ Formentor VZ 2.0 TSI 310KM DSG 4Drive,,1984 cm,2023,benzyna,245 113
https://gratka.pl/motoryzacja/cupra-1-5-tsi-leon-1-5-tsi-150km/ob/30715425,Cupra 1.5 TSI Leon 1.5 TSI 150KM,,1498 cm,2023,benzyna,135 600
https://gratka.pl/motoryzacja/cupra-2-0-tsi-4drive-vz-dsg-2-0-tsi-4drive-vz-dsg-310km/ob/30715447,Cupra 2.0 TSI 4Drive VZ DSG 2.0 TSI 4Drive VZ DSG 310KM,,1984 cm,2023,benzyna,255 000
https://gratka.pl/motoryzacja/cupra-1-5-tsi-formentor-1-5-tsi-150km-dsg/ob/30715773,Cupra 1.5 TSI Formentor 1.5 TSI 150KM DSG,,1498 cm,2023,benzyna,155 500
https://gratka.pl/motoryzacja/cupra-1-5-tsi-formentor-1-5-tsi-150km-dsg/ob/30715797,Cupra 1.5 TSI Formentor 1.5 TSI 150KM DSG,,1498 cm,2023,benzyna,155 500
https://gratka.pl/motoryzacja/cupra-1-5-tsi-formentor-1-5-tsi-150km-dsg/ob/30715467,Cupra 1.5 TSI Formentor 1.5 TSI 150KM DSG,,1498 cm,2023,benzyna,155 500
https://gratka.pl/motoryzacja/toyota-yaris-iii-comfort-comfort-1-5-hybrid-116km-e-cvt-pakiet-style-tech/ob/30715643,Toyota Yaris III Comfort Comfort 1.5 Hybrid 116KM e-CVT + Pakiet Style+Tech,,1497 cm,2023,technologia hybrydowa,103 800
https://gratka.pl/motoryzacja/toyota-comfort-comfort-1-0-vvt-i-72-km-5m-t-kamera-cofania-felgi-17-bluetoo/ob/30715625,Toyota Comfort Comfort 1.0 VVT-i 72 KM 5M/T Kamera Cofania+Felgi 17+Bluetoo,,998 cm,2023,benzyna,72 900
https://gratka.pl/motoryzacja/toyota-corolla-xii-comfort-comfort-1-5-vvt-i-125km-6-m-t-pakiet-style-pakiet-tech/ob/30715705,Toyota Corolla XII Comfort Comfort 1.5 VVT-i 125KM 6 M/T + Pakiet Style+Pakiet Tech,,1490 cm,2022,benzyna,104 900
https://gratka.pl/motoryzacja/toyota-comfort-comfort-1-0-vvt-i-72-km-5m-t-kamera-cofania-felgi-17-bluetoo/ob/30715769,Toyota Comfort Comfort 1.0 VVT-i 72 KM 5M/T Kamera Cofania+Felgi 17+Bluetoo,,998 cm,2023,benzyna,72 900
https://gratka.pl/motoryzacja/toyota-yaris-iii-comfort-comfort-1-5-hybrid-116km-e-cvt-pakiet-style-tech/ob/30715809,Toyota Yaris III Comfort Comfort 1.5 Hybrid 116KM e-CVT + Pakiet Style+Tech,,1497 cm,2023,technologia hybrydowa,107 000
https://gratka.pl/motoryzacja/toyota-yaris-iii-hybrid-1-5-comfort-comfort-1-5-hybrid-116km-e-cvt-kamera-cofania-f/ob/30715825,Toyota Yaris III Hybrid 1.5 Comfort Comfort 1.5 Hybrid 116KM e-CVT + Kamera Cofania+F,,1497 cm,2023,technologia hybrydowa,94 491
https://gratka.pl/motoryzacja/cupra-2-0-tsi-4drive-vz-dsg-formentor-2-0-tsi-4drive-vz-dsg-310km/ob/30715819,Cupra 2.0 TSI 4Drive VZ DSG Formentor 2.0 TSI 4Drive VZ DSG 310KM,,1984 cm,2023,benzyna,228 300
https://gratka.pl/motoryzacja/cupra-1-5-tsi-dsg-formentor-1-5-tsi-150km-dsg/ob/30715837,Cupra 1.5 TSI DSG Formentor 1.5 TSI 150KM DSG,,1498 cm,2023,benzyna,157 113
https://gratka.pl/motoryzacja/cupra-1-5-tsi-dsg-formentor-1-5-tsi-150km-dsg/ob/30715849,Cupra 1.5 TSI DSG Formentor 1.5 TSI 150KM DSG,,1498 cm,2023,benzyna,154 655
https://gratka.pl/motoryzacja/cupra-1-5-tsi-dsg-formentor-1-5-tsi-150km-dsg/ob/30715877,Cupra 1.5 TSI DSG Formentor 1.5 TSI 150KM DSG,,1498 cm,2023,benzyna,154 975
https://gratka.pl/motoryzacja/cupra-58kwh-e-boost-born-58kwh-e-boost-231km/ob/30715939,Cupra 58kWh E-Boost Born 58kWh E-Boost 231KM,,,2022,napęd elektryczny,205 225
https://gratka.pl/motoryzacja/cupra-vz-formentor-vz-2-0-tsi-4drive-310km-dsg/ob/30716059,Cupra VZ Formentor VZ 2.0 TSI 4Drive 310KM DSG,,1984 cm,2023,benzyna,225 280
https://gratka.pl/motoryzacja/cupra-2-0-tsi-4drive-vz-dsg-formentor-vz-2-0-tsi-4drive-310km-dsg/ob/30716063,Cupra 2.0 TSI 4Drive VZ DSG Formentor VZ 2.0 TSI 4Drive 310KM DSG,,1984 cm,2023,benzyna,234 000
https://gratka.pl/motoryzacja/cupra-58kwh-born-58kwh-204km-panorama/ob/30716101,Cupra 58kWh Born 58kWh 204KM | PANORAMA |,,,2022,napęd elektryczny,220 605
https://gratka.pl/motoryzacja/toyota-corolla-xii-1-5-comfort-comfort-1-5-vvt-i-125km-6-m-t-kamera-cofania-felgi-16/ob/30716103,Toyota Corolla XII 1.5 Comfort Comfort 1.5 VVT-i 125KM 6 M/T + Kamera Cofania+Felgi 16,,1490 cm,2022,benzyna,95 400
https://gratka.pl/motoryzacja/toyota-1-0-vvt-i-comfort-cvt-comfort-1-0-vvt-i-72-km-multidrive-s-felgi-1/ob/30716117,Toyota 1.0 VVT-i Comfort CVT Comfort 1.0 VVT-i 72 KM Multidrive S + Felgi 1,,998 cm,2023,benzyna,77 900
https://gratka.pl/motoryzacja/cupra-58kwh-58kwh-204km-beats-audio/ob/30716127,Cupra 58kWh 58kWh 204KM|Beats Audio,,,2022,napęd elektryczny,197 536
https://gratka.pl/motoryzacja/cupra-ateca-ateca-2-0-tsi-300km-dsg-4drive/ob/30716113,Cupra Ateca Ateca 2.0 TSI 300KM DSG 4Drive,,1984 cm,2022,benzyna,219 900
https://gratka.pl/motoryzacja/renault-koleos-2-0-blue-dci-initiale-paris-4x4-x-tronic-2-0-blue-dci-185km-4x4-x-tr/ob/30719011,Renault Koleos 2.0 Blue dCi Initiale Paris 4x4 X-Tronic 2.0 Blue dCi 185KM 4x4 X-Tr,,1995 cm,2023,diesel,199 500
https://gratka.pl/motoryzacja/renault-captur-1-3-tce-mhev-techno-edc-1-3-tce-mhev-techno-edc-140km/ob/30718975,Renault Captur 1.3 TCe mHEV Techno EDC 1.3 TCe mHEV Techno EDC 140KM,,1332 cm,2023,benzyna,123 200
https://gratka.pl/motoryzacja/renault-captur-1-3-tce-mhev-r-s-line-1-3-tce-mhev-r-s-line-1-3-tce-140km/ob/30718997,Renault Captur 1.3 TCe mHEV R.S. Line 1.3 TCe mHEV R.S. Line 1.3 TCe 140KM,,1332 cm,2023,benzyna,120 500
https://gratka.pl/motoryzacja/renault-captur-1-0-tce-techno-lpg-techno-1-0-tce-100km-lpg/ob/30718967,Renault Captur 1.0 TCe Techno LPG Techno 1.0 TCe 100KM LPG,,999 cm,2023,benzyna + gaz,106 300
https://gratka.pl/motoryzacja/renault-1-3-tce-mhev-iconic-aut-1-3-tce-mhev-160km-at-iconic/ob/30719019,Renault 1.3 TCe mHEV Iconic aut 1.3 TCe mHEV 160KM AT Iconic!,,1332 cm,2023,benzyna,195 600
https://gratka.pl/motoryzacja/renault-1-3-tce-mhev-iconic-aut-1-3-tce-160km-mhev-at-iconic/ob/30719137,Renault 1.3 TCe mHEV Iconic aut 1.3 TCe 160KM mHEV AT Iconic!,,1332 cm,2023,benzyna,191 900
https://gratka.pl/motoryzacja/renault-captur-1-0-tce-techno-1-0-tce-techno-90km/ob/30718985,Renault Captur 1.0 TCe Techno 1.0 TCe Techno 90KM,,999 cm,2023,benzyna,99 300
https://gratka.pl/motoryzacja/toyota-proace-long-vip-at-long-vip-at-177km/ob/30719953,Toyota ProAce Long VIP AT Long VIP AT 177KM,,1997 cm,2023,diesel,"268 753,77"
https://gratka.pl/motoryzacja/renault-1-3-tce-mhev-iconic-aut-1-3-tce-160km-mhev-at-iconic/ob/30719269,Renault 1.3 TCe mHEV Iconic aut 1.3 TCe 160KM mHEV AT Iconic!,,1332 cm,2023,benzyna,191 900
https://gratka.pl/motoryzacja/cupra-2-0-tsi-4drive-dsg-2-0tsi-190km-dsg-kamera-360-pakiet-wspomagani/ob/30719871,Cupra 2.0 TSI 4Drive DSG 2.0TSI 190KM DSG | Kamera 360 | Pakiet wspomagani,,1984 cm,2023,benzyna,188 801
https://gratka.pl/motoryzacja/seat-arona-style-style-1-0tsi-110km-mt/ob/30720053,SEAT Arona Style Style 1.0TSI 110KM MT,,999 cm,2022,benzyna,91 000
https://gratka.pl/motoryzacja/seat-leon-iii-1-5-tsi-fr-1-5-tsi-fr-130km-mt/ob/30720035,SEAT Leon III 1.5 TSI FR 1.5 TSI FR 130KM MT,,1498 cm,2023,benzyna,123 181
https://gratka.pl/motoryzacja/seat-ateca-fr-fr-1-5-tsi-150km-mt/ob/30719935,SEAT Ateca FR FR 1.5 TSI 150KM MT,,1498 cm,2023,benzyna,142 000
https://gratka.pl/motoryzacja/seat-ateca-xperience-xperience-2-0-tdi-150km-dsg/ob/30719923,SEAT Ateca Xperience Xperience 2.0 TDI 150KM DSG,,1968 cm,2023,diesel,161 000
https://gratka.pl/motoryzacja/seat-leon-iii-1-5-tsi-fr-1-5-tsi-fr-130km-mt/ob/30719983,SEAT Leon III 1.5 TSI FR 1.5 TSI FR 130KM MT,,1498 cm,2022,benzyna,119 900
https://gratka.pl/motoryzacja/seat-arona-style-style-1-0-tsi-110km-dsg/ob/30720213,SEAT Arona Style Style 1.0 TSI 110KM DSG,,999 cm,2022,benzyna,98 000
https://gratka.pl/motoryzacja/seat-ateca-fr-fr-1-5tsi-150km-dsg/ob/30719971,SEAT Ateca FR FR 1.5TSi 150KM DSG,,1498 cm,2023,benzyna,159 000
https://gratka.pl/motoryzacja/seat-leon-iii-1-5-tsi-fr-1-5-tsi-fr-130km-mt/ob/30720043,SEAT Leon III 1.5 TSI FR 1.5 TSI FR 130KM MT,,1498 cm,2023,benzyna,123 181
https://gratka.pl/motoryzacja/seat-arona-fr-fr-1-0tsi-110km-mt/ob/30720219,SEAT Arona FR FR 1.0TSi 110KM MT,,999 cm,2022,benzyna,105 000
https://gratka.pl/motoryzacja/seat-arona-fr-fr-1-0tsi-110km-mt/ob/30720229,SEAT Arona FR FR 1.0TSi 110KM MT,,999 cm,2022,benzyna,101 000
https://gratka.pl/motoryzacja/seat-ateca-xperience-xperience-1-5-tsi-150-km-dsg/ob/30720239,SEAT Ateca Xperience Xperience 1.5 TSI 150 KM DSG,,1498 cm,2023,benzyna,159 927
https://gratka.pl/motoryzacja/seat-arona-style-style-1-0tsi-110km-mt/ob/30720287,SEAT Arona Style Style 1.0TSI 110KM MT,,999 cm,2023,benzyna,96 525
https://gratka.pl/motoryzacja/seat-ateca-style-style-1-5tsi-150km-mt/ob/30720275,SEAT Ateca Style Style 1.5TSI 150KM MT,,1498 cm,2023,benzyna,134 213
https://gratka.pl/motoryzacja/seat-ateca-ateca-1-5-tsi-xperience-s-s-dsg-1-5-tsi-150km-xperience-dsg/ob/30720309,SEAT Ateca Ateca 1.5 TSI Xperience S&S DSG 1.5 TSI 150km Xperience DSG,,1498 cm,2023,benzyna,155 225
https://gratka.pl/motoryzacja/seat-arona-style-style-1-0-tsi-110km-6mt/ob/30720349,SEAT Arona Style Style 1.0 TSI 110KM 6MT,,999 cm,2022,benzyna,92 878
https://gratka.pl/motoryzacja/seat-ateca-style-style-1-5tsi-150km-mt/ob/30720255,SEAT Ateca Style Style 1.5TSI 150KM MT,,1498 cm,2023,benzyna,140 500
https://gratka.pl/motoryzacja/seat-leon-iii-1-0-tsi-reference-reference-1-0-tsi-90km-mt/ob/30720361,SEAT Leon III 1.0 TSI Reference Reference 1.0 TSI 90KM MT,,999 cm,2022,benzyna,93 780
https://gratka.pl/motoryzacja/seat-leon-iii-1-5-tsi-fr-fr-1-5-tsi-130km-mt/ob/30720387,SEAT Leon III 1.5 TSI FR FR 1.5 TSI 130KM MT,,1498 cm,2022,benzyna,119 900
https://gratka.pl/motoryzacja/seat-leon-iii-1-5-tsi-fr-fr-1-5-tsi-130km-mt/ob/30720509,SEAT Leon III 1.5 TSI FR FR 1.5 TSI 130KM MT,,1498 cm,2022,benzyna,119 900
https://gratka.pl/motoryzacja/mazda-2-5-phev-takumi-awd-aut-takumi-2-5-phev-327km-awd-at/ob/30715177,Mazda 2.5 PHEV Takumi AWD aut Takumi 2.5 PHEV 327KM AWD AT,,2488 cm,2022,technologia hybrydowa,311 500
https://gratka.pl/motoryzacja/citroen-c4-1-2-puretech-130-shine-s-s-jak-nowy-2022-niski-przebieg/oi/30640739,CITROEN C4 1.2 PURETECH 130 SHINE S&S  Jak Nowy 2022 niski przebieg,1950,1199 cm,2022,benzyna,99 900
https://gratka.pl/motoryzacja/cupra-58kwh-e-boost-e-boost-58kwh-231km-pakiet-protect/ob/30716153,Cupra 58kWh E-Boost E-Boost 58kWh 231KM|Pakiet Protect,,,2022,napęd elektryczny,222 900
https://gratka.pl/motoryzacja/volvo-p6-recharge-plus-c40-p6-recharge-plus-231km-pakiet-climate/ob/30716151,Volvo P6 Recharge Plus C40 P6 Recharge Plus (231KM) | Pakiet Climate,,,2023,napęd elektryczny,247 000
https://gratka.pl/motoryzacja/cupra-2-0-tsi-4drive-vz-dsg-formentor-2-0-tsi-310km-dsg-4drive/ob/30716181,Cupra 2.0 TSI 4Drive VZ DSG Formentor 2.0 TSI 310KM DSG 4Drive,2700,1984 cm,2020,benzyna,214 000
https://gratka.pl/motoryzacja/seat-ateca-style-style-1-5-tsi-150km-dsg-comfort-pakiet-zimowy/ob/30716231,SEAT Ateca Style Style 1.5 TSI 150KM DSG | Comfort + | Pakiet Zimowy |,,1498 cm,2023,benzyna,140 000
https://gratka.pl/motoryzacja/seat-ateca-style-style-1-5-tsi-150km-dsg-comfort-pakiet-zimowy/ob/30716213,SEAT Ateca Style Style 1.5 TSI 150KM DSG | Comfort + | Pakiet Zimowy |,,1498 cm,2023,benzyna,140 000
https://gratka.pl/motoryzacja/audi-a4-8w-40-tdi-quattro-advanced-2-0-204km-pakiet-comfort/ob/30716577,Audi A4 8W 40 TDI Quattro Advanced 2.0 (204KM) | Pakiet Comfort,,1968 cm,2023,diesel,206 700
https://gratka.pl/motoryzacja/mazda-6-iii-salon-polska-1-wlasciciel-serwis-aso-vat-23-navi/ob/30671841,"Mazda 6 III , Salon Polska, 1. Właściciel, Serwis ASO, VAT 23%, Navi,",226931,1998 cm,2017,benzyna,55 999
https://gratka.pl/motoryzacja/volvo-recharge-twin-ultimate-c40-recharge-twin-ultimate-408km-climate/ob/30716597,Volvo Recharge Twin Ultimate C40 Recharge Twin Ultimate (408KM) | Climate,,,2023,napęd elektryczny,316 650
https://gratka.pl/motoryzacja/citroen-c4-grand-picasso-ii-7-miejsc-skora-navi-klimatronic-tempomat-parktronic/ob/30671885,"Citroen C4 Grand Picasso II , 7 miejsc, Skóra, Navi, Klimatronic, Tempomat, Parktronic,",164914,1560 cm,2013,diesel,39 999
https://gratka.pl/motoryzacja/cupra-1-5-tsi-mt-formentor-1-5-tsi-mt-150km-comfort/ob/30716605,Cupra 1.5 TSI MT Formentor 1.5 TSI MT 150KM | Comfort + |,,1498 cm,2023,benzyna,142 104
https://gratka.pl/motoryzacja/volvo-xc60-ii-b4-d-core-2-0-211km-climate/ob/30716617,Volvo XC60 II B4 D Core 2.0 (211KM) | Climate,,1969 cm,2023,diesel,212 400
https://gratka.pl/motoryzacja/volvo-p6-recharge-core-recharge-core-231km/ob/30716643,Volvo P6 Recharge Core Recharge Core (231KM),,,2022,napęd elektryczny,222 900
https://gratka.pl/motoryzacja/renault-megane-iv-1-5-blue-dci-techno-1-5-blue-dci-115km-techno/ob/30716959,Renault Megane IV 1.5 Blue dCi Techno 1.5 Blue dCi 115KM Techno!,,1461 cm,2022,diesel,110 000
https://gratka.pl/motoryzacja/renault-megane-iv-1-3-tce-fap-equilibre-1-3-tce-140km-equilibre/ob/30716949,Renault Megane IV 1.3 TCe FAP Equilibre 1.3 TCe 140KM Equilibre!,,1332 cm,2023,benzyna,101 000
https://gratka.pl/motoryzacja/renault-koleos-2-0-blue-dci-initiale-paris-4x4-x-tronic-2-0-blue-dci-185km-x-tronic/ob/30716971,Renault Koleos 2.0 Blue dCi Initiale Paris 4x4 X-Tronic 2.0 Blue dCi 185KM X-Tronic,,1995 cm,2022,diesel,185 000
https://gratka.pl/motoryzacja/renault-captur-1-3-tce-mhev-techno-edc-1-3-tce-140km-edc-techno/ob/30717013,Renault Captur 1.3 TCe mHEV Techno EDC 1.3 TCe 140KM EDC Techno!,,1332 cm,2023,benzyna,117 700
https://gratka.pl/motoryzacja/renault-arkana-1-3-tce-mhev-intens-edc-1-3-tce-140km-edc-intens/ob/30716983,Renault Arkana 1.3 TCe mHEV Intens EDC 1.3 TCe 140KM EDC Intens!,1800,1332 cm,2022,benzyna,138 900
https://gratka.pl/motoryzacja/renault-captur-1-3-tce-mhev-techno-edc-1-3-tce-140km-edc-techno/ob/30717057,Renault Captur 1.3 TCe mHEV Techno EDC 1.3 TCe 140KM EDC Techno!,,1332 cm,2023,benzyna,125 500
https://gratka.pl/motoryzacja/renault-arkana-1-6-e-tech-techno-mmt-1-6-e-tech-145km-mmt-techno/ob/30716997,Renault Arkana 1.6 E-TECH Techno MMT 1.6 E-TECH 145KM MMT Techno!,6000,1598 cm,2022,technologia hybrydowa,138 900
https://gratka.pl/motoryzacja/renault-arkana-1-6-e-tech-techno-mmt-1-6-e-tech-145km-mmt-techno/ob/30717003,Renault Arkana 1.6 E-TECH Techno MMT 1.6 E-TECH 145KM MMT Techno!,,1598 cm,2022,technologia hybrydowa,148 390
https://gratka.pl/motoryzacja/renault-1-3-tce-mhev-techno-aut-1-3-tce-mhev-techno-aut-160km/ob/30717277,Renault 1.3 TCe mHEV Techno aut 1.3 TCe mHEV Techno aut 160KM,,1332 cm,2023,benzyna,169 400
https://gratka.pl/motoryzacja/renault-megane-iv-1-3-tce-fap-techno-edc-1-3-tce-fap-techno-edc-140km/ob/30717167,Renault Megane IV 1.3 TCe FAP Techno EDC 1.3 TCe FAP Techno EDC 140KM,,1332 cm,2023,benzyna,123 000
https://gratka.pl/motoryzacja/renault-megane-iv-ev60-techno-ev60-techno-220km/ob/30717289,Renault Megane IV EV60 Techno EV60 Techno 220KM,,,2023,napęd elektryczny,224 800
https://gratka.pl/motoryzacja/renault-koleos-2-0-blue-dci-initiale-paris-4x4-x-tronic-2-0-blue-dci-initiale-paris/ob/30717297,Renault Koleos 2.0 Blue dCi Initiale Paris 4x4 X-Tronic 2.0 Blue dCi Initiale Paris,,1995 cm,2023,diesel,205 600
https://gratka.pl/motoryzacja/renault-megane-iv-1-3-tce-fap-r-s-line-edc-1-3-tce-fap-r-s-line-edc-160km/ob/30717301,Renault Megane IV 1.3 TCe FAP R.S. Line EDC 1.3 TCe FAP R.S. Line EDC 160KM,,1332 cm,2023,benzyna,137 550
https://gratka.pl/motoryzacja/cupra-2-0-tsi-4drive-dsg-2-0tsi-190km-dsg-pakiet-wspomagania-l/ob/30718903,Cupra 2.0 TSI 4Drive DSG 2.0TSI 190KM DSG | Pakiet wspomagania L |,,1984 cm,2023,benzyna,180 759
https://gratka.pl/motoryzacja/renault-clio-v-1-0-tce-techno-lpg-1-0-tce-techno-lpg-100km/ob/30717325,Renault Clio V 1.0 TCe Techno LPG 1.0 TCe Techno LPG 100KM,,999 cm,2023,benzyna + gaz,92 100
https://gratka.pl/motoryzacja/renault-clio-v-1-3-tce-r-s-line-1-3-tce-r-s-line-140km/ob/30717345,Renault Clio V 1.3 TCe R.S. Line 1.3 TCe R.S. Line 140KM,,1332 cm,2022,benzyna,110 400
https://gratka.pl/motoryzacja/renault-clio-v-1-0-tce-techno-lpg-1-0-tce-techno-lpg-100km/ob/30717337,Renault Clio V 1.0 TCe Techno LPG 1.0 TCe Techno LPG 100KM,,999 cm,2022,benzyna + gaz,88 400
https://gratka.pl/motoryzacja/renault-clio-v-1-0-tce-techno-lpg-1-0-tce-techno-lpg-100km/ob/30717315,Renault Clio V 1.0 TCe Techno LPG 1.0 TCe Techno LPG 100KM,,999 cm,2023,benzyna + gaz,88 700
https://gratka.pl/motoryzacja/renault-clio-v-1-0-tce-techno-lpg-1-0-tce-techno-lpg-100km/ob/30717305,Renault Clio V 1.0 TCe Techno LPG 1.0 TCe Techno LPG 100KM,,999 cm,2023,benzyna + gaz,87 900
https://gratka.pl/motoryzacja/renault-clio-v-1-6-e-tech-r-s-line-1-6-e-tech-r-s-line-145km/ob/30718909,Renault Clio V 1.6 E-TECH R.S. Line 1.6 E-TECH R.S. Line 145KM,,1598 cm,2022,technologia hybrydowa,112 800
https://gratka.pl/motoryzacja/renault-koleos-1-3-tce-initiale-paris-edc-1-3-tce-160km-edc-initiale-paris/ob/30718925,Renault Koleos 1.3 TCe Initiale Paris EDC 1.3 TCe 160KM EDC Initiale Paris!,,1332 cm,2023,benzyna,176 600
https://gratka.pl/motoryzacja/volkswagen-style-taigo-style-1-5-tsi-150km-dsg/ob/30695671,Volkswagen Style Taigo Style 1.5 TSI 150KM DSG,,1498 cm,2023,benzyna,131 600
https://gratka.pl/motoryzacja/renault-captur-1-0-tce-equilibre-lpg-equilibre-1-0-tce-100km-lpg-mt/ob/30718931,Renault Captur 1.0 TCe Equilibre LPG Equilibre 1.0 TCe 100KM LPG MT,,999 cm,2023,benzyna + gaz,94 800
https://gratka.pl/motoryzacja/renault-koleos-2-0-blue-dci-initiale-paris-4x4-x-tronic-2-0-blue-dci-185km-4x4-x-tr/ob/30718947,Renault Koleos 2.0 Blue dCi Initiale Paris 4x4 X-Tronic 2.0 Blue dCi 185KM 4x4 X-Tr,,1995 cm,2023,diesel,199 500
https://gratka.pl/motoryzacja/volkswagen-t-roc-life-life-1-5-tsi-150km-dsg/ob/30695767,Volkswagen T-Roc Life Life 1.5 TSI 150KM DSG,,1498 cm,2023,benzyna,128 000
https://gratka.pl/motoryzacja/volkswagen-t-roc-life-life-1-5-tsi-150km-dsg/ob/30695699,Volkswagen T-Roc Life Life 1.5 TSI 150KM DSG,,1498 cm,2023,benzyna,135 350
https://gratka.pl/motoryzacja/volkswagen-t-roc-life-life-1-5-tsi-150km-dsg/ob/30695729,Volkswagen T-Roc Life Life 1.5 TSI 150KM DSG,,1498 cm,2023,benzyna,130 900
https://gratka.pl/motoryzacja/volkswagen-t-roc-life-life-1-5-tsi-150km-dsg/ob/30695801,Volkswagen T-Roc Life Life 1.5 TSI 150KM DSG,,1498 cm,2023,benzyna,131 000
https://gratka.pl/motoryzacja/volkswagen-t-roc-life-life-1-5-tsi-150km-dsg/ob/30695833,Volkswagen T-Roc Life Life 1.5 TSI 150KM DSG,,1498 cm,2023,benzyna,134 999
https://gratka.pl/motoryzacja/volkswagen-t-roc-life-life-1-5-tsi-150km-dsg/ob/30695871,Volkswagen T-Roc Life Life 1.5 TSI 150KM DSG,,1498 cm,2023,benzyna,129 000
https://gratka.pl/motoryzacja/volkswagen-t-roc-style-style-1-5-tsi-150km-dsg/ob/30695937,Volkswagen T-Roc Style Style 1.5 TSI 150KM DSG,,1498 cm,2023,benzyna,160 000
https://gratka.pl/motoryzacja/volkswagen-golf-viii-life-life-1-5-etsi-150km-dsg/ob/30696075,Volkswagen Golf VIII Life Life 1.5 eTSI 150KM DSG,,1498 cm,2023,benzyna,139 224
https://gratka.pl/motoryzacja/volkswagen-golf-viii-viii-style-style-1-5-etsi-150km-dsg/ob/30696041,Volkswagen Golf VIII VIII Style Style 1.5 eTSI 150KM DSG,,1498 cm,2023,benzyna,144 748
https://gratka.pl/motoryzacja/volkswagen-t-roc-style-style-1-5-tsi-150km-dsg/ob/30695983,Volkswagen T-Roc Style Style 1.5 TSI 150KM DSG,,1498 cm,2023,benzyna,159 000
https://gratka.pl/motoryzacja/volkswagen-passat-b8-elegance-elegance-2-0-tdi-200km-dsg/ob/30696183,Volkswagen Passat B8 Elegance Elegance 2.0 TDI 200KM DSG,,1968 cm,2023,diesel,215 000
https://gratka.pl/motoryzacja/volkswagen-r-line-taigo-r-line-1-5-tsi-150km-dsg/ob/30696225,Volkswagen R-Line Taigo R-Line 1.5 TSI 150KM DSG,,1498 cm,2023,benzyna,152 900
https://gratka.pl/motoryzacja/volkswagen-golf-viii-viii-r-viii-r-2-0-tsi-320km-dsg-4mot/ob/30696391,Volkswagen Golf VIII VIII R VIII R 2.0 TSI 320KM DSG 4Mot.,,1984 cm,2023,benzyna,238 590
https://gratka.pl/motoryzacja/volkswagen-golf-viii-viii-life-viii-life-1-5-etsi-150km-dsg/ob/30696355,Volkswagen Golf VIII VIII Life VIII Life 1.5 eTSI 150KM DSG,,1498 cm,2023,benzyna,153 245
https://gratka.pl/motoryzacja/volkswagen-t-cross-life-life-1-0-tsi-110km-dsg/ob/30696467,Volkswagen T-Cross Life Life 1.0 TSI 110KM DSG,,999 cm,2023,benzyna,109 900
https://gratka.pl/motoryzacja/volkswagen-golf-viii-viii-r-viii-r-2-0-tsi-320km-dsg-4mot/ob/30696427,Volkswagen Golf VIII VIII R VIII R 2.0 TSI 320KM DSG 4Mot.,,1984 cm,2023,benzyna,253 440
https://gratka.pl/motoryzacja/volkswagen-style-style-1-0-tsi-110km-dsg/ob/30696517,Volkswagen Style Style 1.0 TSI 110KM DSG,,999 cm,2023,benzyna,123 607
https://gratka.pl/motoryzacja/volkswagen-arteon-elegance-elegance-2-0-tsi-190km-dsg/ob/30696483,Volkswagen Arteon Elegance Elegance 2.0 TSI 190KM DSG,,1984 cm,2023,benzyna,225 900
https://gratka.pl/motoryzacja/volkswagen-t-roc-life-life-1-0-tsi-110km/ob/30696605,Volkswagen T-Roc Life Life 1.0 TSI 110KM,,999 cm,2023,benzyna,111 400
https://gratka.pl/motoryzacja/volkswagen-touareg-iii-3-0-v6-tdi-4mot/ob/30696279,Volkswagen Touareg III 3.0 V6 TDI 4Mot.,,2967 cm,2023,diesel,329 000
https://gratka.pl/motoryzacja/volkswagen-t-cross-life-life-1-0-tsi-110km-dsg-pakiet-comfort/ob/30696697,Volkswagen T-Cross Life Life 1.0 TSI 110KM DSG Pakiet Comfort,,999 cm,2023,benzyna,114 900
https://gratka.pl/motoryzacja/volkswagen-style-style-1-0-tsi-110km-dsg/ob/30696643,Volkswagen Style Style 1.0 TSI 110KM DSG,,999 cm,2023,benzyna,127 900
https://gratka.pl/motoryzacja/volkswagen-touran-iii-highline-highline-1-5-tsi-150km-dsg-pakiet-comfort/ob/30696823,Volkswagen Touran III Highline Highline 1.5 TSI 150KM DSG Pakiet Comfort,,1498 cm,2023,benzyna,164 900
https://gratka.pl/motoryzacja/volkswagen-t-cross-life-life-1-0-tsi-110km-dsg-pakiet-comfort/ob/30696767,Volkswagen T-Cross Life Life 1.0 TSI 110KM DSG Pakiet Comfort,,999 cm,2023,benzyna,120 710
https://gratka.pl/motoryzacja/volkswagen-t-roc-style-style-1-5-tsi-150km-dsg-pakiet-black-style/ob/30696931,Volkswagen T-Roc Style Style 1.5 TSI 150KM DSG Pakiet Black Style,,1498 cm,2023,benzyna,149 000
https://gratka.pl/motoryzacja/volkswagen-t-cross-style-style-1-0-tsi-110km-dsg-pakiet-tech-pakiet-comfort/ob/30696993,Volkswagen T-Cross Style Style 1.0 TSI 110KM DSG Pakiet Tech Pakiet Comfort,,999 cm,2023,benzyna,119 599
https://gratka.pl/motoryzacja/volkswagen-t-cross-life-life-1-0-tsi-110km-pakiet-comfort/ob/30697033,Volkswagen T-Cross Life Life 1.0 TSI 110KM Pakiet Comfort,,999 cm,2023,benzyna,100 890
https://gratka.pl/motoryzacja/volkswagen-t-cross-life-life-1-0-tsi-110km-dsg-kamera-cofania-climatronic/ob/30697083,Volkswagen T-Cross Life Life 1.0 TSI 110KM DSG Kamera cofania Climatronic,,999 cm,2023,benzyna,116 900
https://gratka.pl/motoryzacja/volkswagen-touareg-iii-elegance-elegance-3-0-v6-tdi-286km-dsg-dach-panoramiczny/ob/30697149,Volkswagen Touareg III Elegance Elegance 3.0 V6 TDI 286KM DSG Dach panoramiczny,,2967 cm,2023,diesel,488 417
https://gratka.pl/motoryzacja/volkswagen-gtx-id-4-gtx-77-kwh-4motion-dach-panoramiczny/ob/30697205,Volkswagen GTX ID.4 GTX 77 kWh 4Motion Dach panoramiczny,,,2023,napęd elektryczny,304 800
https://gratka.pl/motoryzacja/opel-astra-j-salon-polska-serwis-aso-skora-navi-klimatronic/ob/30671857,"Opel Astra J , Salon Polska, Serwis ASO, Skóra, Navi, Klimatronic,",70864,1598 cm,2018,benzyna,67 999
https://gratka.pl/motoryzacja/jeep-grand-cherokee-gr-3-0-crd-overland-summit-eu6/oi/30396085,Jeep Grand Cherokee Gr 3.0 CRD Overland Summit EU6,210000,2987 cm,2015,diesel,123 000
https://gratka.pl/motoryzacja/volkswagen-golf-v-v-2-0-fsi-sportline/ob/26563357,Volkswagen Golf V V 2.0 FSI Sportline,188000,1998 cm,2004,benzyna,11 600
https://gratka.pl/motoryzacja/peugeot-2008/ob/27071505,Peugeot 2008,166800,1560 cm,2016,diesel,39 900
https://gratka.pl/motoryzacja/ford-focus-iii-salon-polska-serwis-aso-klima/ob/30671883,"Ford Focus III , Salon Polska, Serwis ASO, Klima",175634,1560 cm,2015,diesel,35 999
https://gratka.pl/motoryzacja/hyundai-tucson-iii-wyjatkowa-wersja/ob/29826819,Hyundai Tucson III Wyjątkowa Wersja,157000,1500 cm,2015,benzyna,66 999
https://gratka.pl/motoryzacja/ford-kuga-1-wlasciciel-serwis-aso-187-km-automat-skora-navi/ob/30672445,"Ford Kuga , 1. Właściciel, Serwis ASO, 187 KM, Automat, Skóra, Navi,",6699,1995 cm,2022,diesel,156 500
https://gratka.pl/motoryzacja/kia-stonic-sliczny/ob/27598507,Kia Stonic Śliczny,183630,1560 cm,2018,diesel,58 933
https://gratka.pl/motoryzacja/opel-astra-j/ob/30298917,Opel Astra J,198000,1400 cm,2011,benzyna,25 900
https://gratka.pl/motoryzacja/seat-leon-iii-ekonomiczny-egzemplarz/ob/30221309,SEAT Leon III Ekonomiczny egzemplarz,213000,140 cm,2015,cng,38 900
https://gratka.pl/motoryzacja/mercedes-benz-klasa-a-w168-a-140-avantgarde-atoplacony-at/ob/30165009,Mercedes-Benz Klasa A W168 A 140 Avantgarde @OPŁACONY @,191200,1400 cm,1999,benzyna,5 700
https://gratka.pl/motoryzacja/mercedes-benz-klasa-b-w245-b-klasa-niezawodna-jednostka/ob/30311519,Mercedes-Benz Klasa B W245 B klasa niezawodna jednostka,214000,2000 cm,2007,diesel,16 900
https://gratka.pl/motoryzacja/hyundai-i20-ii-1-2-bluedrive-classic/ob/30183993,Hyundai i20 II 1.2 BlueDrive Classic +,155000,1250 cm,2015,benzyna,39 300
https://gratka.pl/motoryzacja/citroen-c3-i-sliczny/ob/30312619,Citroen C3 I Śliczny,197000,1360 cm,2003,benzyna,6 900
https://gratka.pl/motoryzacja/ford-focus-iii-titanum/ob/30322733,Ford Focus III Titanum,197474,999 cm,2018,benzyna,41 999
https://gratka.pl/motoryzacja/toyota-avensis-iii/ob/30314079,Toyota Avensis III,198000,1998 cm,2015,diesel,42 900
https://gratka.pl/motoryzacja/chevrolet-aveo-ii-t300-jak-nowy/ob/30477253,Chevrolet Aveo II (T300) Jak nowy,108800,1229 cm,2014,benzyna,18 900
https://gratka.pl/motoryzacja/mazda-2-iii-sport-atstyle-gratis-aluminiowe-felgi/ob/30443699,Mazda 2 III Sport @Style Gratis ALUMINIOWE Felgi,234000,1498 cm,2008,benzyna,13 400
https://gratka.pl/motoryzacja/suzuki-vitara-ii-premium-1-4-boosterjet-6at-129km-kamera-cofania-klimatyzacja-aut/ob/21364001,Suzuki Vitara II Premium 1.4 Boosterjet 6AT 129KM | Kamera cofania + Klimatyzacja aut,1,1373 cm,2021,technologia hybrydowa,92 000
https://gratka.pl/motoryzacja/skoda-fabia-ii/ob/30443215,Skoda Fabia II,153625,1200 cm,2009,benzyna,14 400
https://gratka.pl/motoryzacja/volkswagen-passat-b6-automacik/ob/30538393,Volkswagen Passat B6 Automacik,237000,1968 cm,2006,diesel,14 990
https://gratka.pl/motoryzacja/renault-scenic-iii/ob/30553509,Renault Scenic III,72800,1200 cm,2016,benzyna,38 900
https://gratka.pl/motoryzacja/peugeot-3008-crossway-2-0-bluehdi-180km-eat8-crossway-akt-tempomat-panorama-opc/ob/15612528,Peugeot 3008 CROSSWAY 2.0 BlueHDI 180KM EAT8 'CROSSWAY'+Akt.Tempomat+Panorama+Opc,10,1997 cm,2019,diesel,147 850
https://gratka.pl/motoryzacja/skoda-superb-iii-fv23-salonpl-gwarancja-1-5tsi-150km-front-assist-tempomat/ob/30651047,Skoda Superb III FV23% SalonPL Gwarancja 1.5TSI 150KM Front Assist Tempomat,151000,1498 cm,2019,benzyna,69 900
https://gratka.pl/motoryzacja/renault-clio-v-salonpl-fv23-90km-serwis-aso-oryginal-lakier-led-tempomat-gwarancja/ob/30665297,Renault Clio V SalonPL FV23% 90KM Serwis ASO Oryginał Lakier LED Tempomat Gwarancja,134000,898 cm,2019,benzyna,37 900
